asset_price,exercise_time,delta
50.0000,0.2000,0.0000
50.0000,0.2080,0.0000
50.0000,0.2160,0.0000
50.0000,0.2240,0.0000
50.0000,0.2320,0.0000
50.0000,0.2400,0.0000
50.0000,0.2480,0.0000
50.0000,0.2560,0.0000
50.0000,0.2640,0.0000
50.0000,0.2720,0.0000
50.0000,0.2800,0.0000
50.0000,0.2880,0.0000
50.0000,0.2960,0.0000
50.0000,0.3040,0.0000
50.0000,0.3120,0.0001
50.0000,0.3200,0.0001
50.0000,0.3280,0.0001
50.0000,0.3360,0.0001
50.0000,0.3440,0.0001
50.0000,0.3520,0.0002
50.0000,0.3600,0.0002
50.0000,0.3680,0.0002
50.0000,0.3760,0.0003
50.0000,0.3840,0.0003
50.0000,0.3920,0.0003
50.0000,0.4000,0.0004
50.0000,0.4080,0.0004
50.0000,0.4160,0.0005
50.0000,0.4240,0.0006
50.0000,0.4320,0.0006
50.0000,0.4400,0.0007
50.0000,0.4480,0.0008
50.0000,0.4560,0.0009
50.0000,0.4640,0.0010
50.0000,0.4720,0.0011
50.0000,0.4800,0.0012
50.0000,0.4880,0.0013
50.0000,0.4960,0.0015
50.0000,0.5040,0.0016
50.0000,0.5120,0.0017
50.0000,0.5200,0.0019
50.0000,0.5280,0.0021
50.0000,0.5360,0.0022
50.0000,0.5440,0.0024
50.0000,0.5520,0.0026
50.0000,0.5600,0.0028
50.0000,0.5680,0.0030
50.0000,0.5760,0.0032
50.0000,0.5840,0.0034
50.0000,0.6000,0.0039
52.0000,0.2000,0.0000
52.0000,0.2080,0.0000
52.0000,0.2160,0.0000
52.0000,0.2240,0.0000
52.0000,0.2320,0.0000
52.0000,0.2400,0.0000
52.0000,0.2480,0.0000
52.0000,0.2560,0.0000
52.0000,0.2640,0.0000
52.0000,0.2720,0.0000
52.0000,0.2800,0.0001
52.0000,0.2880,0.0001
52.0000,0.2960,0.0001
52.0000,0.3040,0.0001
52.0000,0.3120,0.0001
52.0000,0.3200,0.0002
52.0000,0.3280,0.0002
52.0000,0.3360,0.0002
52.0000,0.3440,0.0003
52.0000,0.3520,0.0003
52.0000,0.3600,0.0004
52.0000,0.3680,0.0004
52.0000,0.3760,0.0005
52.0000,0.3840,0.0006
52.0000,0.3920,0.0006
52.0000,0.4000,0.0007
52.0000,0.4080,0.0008
52.0000,0.4160,0.0009
52.0000,0.4240,0.0010
52.0000,0.4320,0.0012
52.0000,0.4400,0.0013
52.0000,0.4480,0.0014
52.0000,0.4560,0.0016
52.0000,0.4640,0.0017
52.0000,0.4720,0.0019
52.0000,0.4800,0.0021
52.0000,0.4880,0.0022
52.0000,0.4960,0.0024
52.0000,0.5040,0.0026
52.0000,0.5120,0.0029
52.0000,0.5200,0.0031
52.0000,0.5280,0.0033
52.0000,0.5360,0.0036
52.0000,0.5440,0.0038
52.0000,0.5520,0.0041
52.0000,0.5600,0.0044
52.0000,0.5680,0.0046
52.0000,0.5760,0.0049
52.0000,0.5840,0.0053
52.0000,0.6000,0.0059
54.0000,0.2000,0.0000
54.0000,0.2080,0.0000
54.0000,0.2160,0.0000
54.0000,0.2240,0.0000
54.0000,0.2320,0.0000
54.0000,0.2400,0.0000
54.0000,0.2480,0.0000
54.0000,0.2560,0.0001
54.0000,0.2640,0.0001
54.0000,0.2720,0.0001
54.0000,0.2800,0.0001
54.0000,0.2880,0.0001
54.0000,0.2960,0.0002
54.0000,0.3040,0.0002
54.0000,0.3120,0.0003
54.0000,0.3200,0.0003
54.0000,0.3280,0.0004
54.0000,0.3360,0.0004
54.0000,0.3440,0.0005
54.0000,0.3520,0.0006
54.0000,0.3600,0.0007
54.0000,0.3680,0.0008
54.0000,0.3760,0.0009
54.0000,0.3840,0.0010
54.0000,0.3920,0.0012
54.0000,0.4000,0.0013
54.0000,0.4080,0.0014
54.0000,0.4160,0.0016
54.0000,0.4240,0.0018
54.0000,0.4320,0.0020
54.0000,0.4400,0.0022
54.0000,0.4480,0.0024
54.0000,0.4560,0.0026
54.0000,0.4640,0.0028
54.0000,0.4720,0.0031
54.0000,0.4800,0.0033
54.0000,0.4880,0.0036
54.0000,0.4960,0.0039
54.0000,0.5040,0.0042
54.0000,0.5120,0.0045
54.0000,0.5200,0.0048
54.0000,0.5280,0.0051
54.0000,0.5360,0.0055
54.0000,0.5440,0.0058
54.0000,0.5520,0.0062
54.0000,0.5600,0.0066
54.0000,0.5680,0.0070
54.0000,0.5760,0.0074
54.0000,0.5840,0.0078
54.0000,0.6000,0.0087
56.0000,0.2000,0.0000
56.0000,0.2080,0.0000
56.0000,0.2160,0.0000
56.0000,0.2240,0.0000
56.0000,0.2320,0.0001
56.0000,0.2400,0.0001
56.0000,0.2480,0.0001
56.0000,0.2560,0.0001
56.0000,0.2640,0.0002
56.0000,0.2720,0.0002
56.0000,0.2800,0.0003
56.0000,0.2880,0.0003
56.0000,0.2960,0.0004
56.0000,0.3040,0.0004
56.0000,0.3120,0.0005
56.0000,0.3200,0.0006
56.0000,0.3280,0.0007
56.0000,0.3360,0.0008
56.0000,0.3440,0.0010
56.0000,0.3520,0.0011
56.0000,0.3600,0.0012
56.0000,0.3680,0.0014
56.0000,0.3760,0.0016
56.0000,0.3840,0.0018
56.0000,0.3920,0.0020
56.0000,0.4000,0.0022
56.0000,0.4080,0.0024
56.0000,0.4160,0.0027
56.0000,0.4240,0.0029
56.0000,0.4320,0.0032
56.0000,0.4400,0.0035
56.0000,0.4480,0.0038
56.0000,0.4560,0.0041
56.0000,0.4640,0.0045
56.0000,0.4720,0.0048
56.0000,0.4800,0.0052
56.0000,0.4880,0.0056
56.0000,0.4960,0.0060
56.0000,0.5040,0.0064
56.0000,0.5120,0.0068
56.0000,0.5200,0.0072
56.0000,0.5280,0.0077
56.0000,0.5360,0.0082
56.0000,0.5440,0.0086
56.0000,0.5520,0.0091
56.0000,0.5600,0.0096
56.0000,0.5680,0.0102
56.0000,0.5760,0.0107
56.0000,0.5840,0.0113
56.0000,0.6000,0.0124
58.0000,0.2000,0.0000
58.0000,0.2080,0.0001
58.0000,0.2160,0.0001
58.0000,0.2240,0.0001
58.0000,0.2320,0.0001
58.0000,0.2400,0.0002
58.0000,0.2480,0.0002
58.0000,0.2560,0.0003
58.0000,0.2640,0.0003
58.0000,0.2720,0.0004
58.0000,0.2800,0.0005
58.0000,0.2880,0.0006
58.0000,0.2960,0.0007
58.0000,0.3040,0.0008
58.0000,0.3120,0.0010
58.0000,0.3200,0.0011
58.0000,0.3280,0.0013
58.0000,0.3360,0.0015
58.0000,0.3440,0.0017
58.0000,0.3520,0.0019
58.0000,0.3600,0.0021
58.0000,0.3680,0.0024
58.0000,0.3760,0.0027
58.0000,0.3840,0.0029
58.0000,0.3920,0.0032
58.0000,0.4000,0.0036
58.0000,0.4080,0.0039
58.0000,0.4160,0.0043
58.0000,0.4240,0.0046
58.0000,0.4320,0.0050
58.0000,0.4400,0.0054
58.0000,0.4480,0.0059
58.0000,0.4560,0.0063
58.0000,0.4640,0.0068
58.0000,0.4720,0.0073
58.0000,0.4800,0.0078
58.0000,0.4880,0.0083
58.0000,0.4960,0.0088
58.0000,0.5040,0.0094
58.0000,0.5120,0.0100
58.0000,0.5200,0.0105
58.0000,0.5280,0.0111
58.0000,0.5360,0.0118
58.0000,0.5440,0.0124
58.0000,0.5520,0.0130
58.0000,0.5600,0.0137
58.0000,0.5680,0.0144
58.0000,0.5760,0.0151
58.0000,0.5840,0.0158
58.0000,0.6000,0.0172
60.0000,0.2000,0.0001
60.0000,0.2080,0.0001
60.0000,0.2160,0.0002
60.0000,0.2240,0.0002
60.0000,0.2320,0.0003
60.0000,0.2400,0.0004
60.0000,0.2480,0.0005
60.0000,0.2560,0.0006
60.0000,0.2640,0.0007
60.0000,0.2720,0.0008
60.0000,0.2800,0.0010
60.0000,0.2880,0.0011
60.0000,0.2960,0.0013
60.0000,0.3040,0.0015
60.0000,0.3120,0.0017
60.0000,0.3200,0.0020
60.0000,0.3280,0.0022
60.0000,0.3360,0.0025
60.0000,0.3440,0.0028
60.0000,0.3520,0.0032
60.0000,0.3600,0.0035
60.0000,0.3680,0.0039
60.0000,0.3760,0.0043
60.0000,0.3840,0.0047
60.0000,0.3920,0.0051
60.0000,0.4000,0.0056
60.0000,0.4080,0.0061
60.0000,0.4160,0.0066
60.0000,0.4240,0.0071
60.0000,0.4320,0.0076
60.0000,0.4400,0.0082
60.0000,0.4480,0.0088
60.0000,0.4560,0.0094
60.0000,0.4640,0.0100
60.0000,0.4720,0.0107
60.0000,0.4800,0.0113
60.0000,0.4880,0.0120
60.0000,0.4960,0.0127
60.0000,0.5040,0.0134
60.0000,0.5120,0.0142
60.0000,0.5200,0.0149
60.0000,0.5280,0.0157
60.0000,0.5360,0.0165
60.0000,0.5440,0.0173
60.0000,0.5520,0.0181
60.0000,0.5600,0.0189
60.0000,0.5680,0.0198
60.0000,0.5760,0.0206
60.0000,0.5840,0.0215
60.0000,0.6000,0.0233
62.0000,0.2000,0.0002
62.0000,0.2080,0.0003
62.0000,0.2160,0.0004
62.0000,0.2240,0.0005
62.0000,0.2320,0.0006
62.0000,0.2400,0.0007
62.0000,0.2480,0.0009
62.0000,0.2560,0.0010
62.0000,0.2640,0.0012
62.0000,0.2720,0.0015
62.0000,0.2800,0.0017
62.0000,0.2880,0.0020
62.0000,0.2960,0.0023
62.0000,0.3040,0.0026
62.0000,0.3120,0.0029
62.0000,0.3200,0.0033
62.0000,0.3280,0.0037
62.0000,0.3360,0.0041
62.0000,0.3440,0.0046
62.0000,0.3520,0.0050
62.0000,0.3600,0.0056
62.0000,0.3680,0.0061
62.0000,0.3760,0.0066
62.0000,0.3840,0.0072
62.0000,0.3920,0.0078
62.0000,0.4000,0.0084
62.0000,0.4080,0.0091
62.0000,0.4160,0.0098
62.0000,0.4240,0.0105
62.0000,0.4320,0.0112
62.0000,0.4400,0.0119
62.0000,0.4480,0.0127
62.0000,0.4560,0.0135
62.0000,0.4640,0.0143
62.0000,0.4720,0.0152
62.0000,0.4800,0.0160
62.0000,0.4880,0.0169
62.0000,0.4960,0.0178
62.0000,0.5040,0.0187
62.0000,0.5120,0.0196
62.0000,0.5200,0.0206
62.0000,0.5280,0.0215
62.0000,0.5360,0.0225
62.0000,0.5440,0.0235
62.0000,0.5520,0.0245
62.0000,0.5600,0.0255
62.0000,0.5680,0.0266
62.0000,0.5760,0.0276
62.0000,0.5840,0.0287
62.0000,0.6000,0.0308
64.0000,0.2000,0.0005
64.0000,0.2080,0.0006
64.0000,0.2160,0.0007
64.0000,0.2240,0.0009
64.0000,0.2320,0.0011
64.0000,0.2400,0.0013
64.0000,0.2480,0.0016
64.0000,0.2560,0.0019
64.0000,0.2640,0.0022
64.0000,0.2720,0.0025
64.0000,0.2800,0.0029
64.0000,0.2880,0.0033
64.0000,0.2960,0.0038
64.0000,0.3040,0.0043
64.0000,0.3120,0.0048
64.0000,0.3200,0.0053
64.0000,0.3280,0.0059
64.0000,0.3360,0.0065
64.0000,0.3440,0.0071
64.0000,0.3520,0.0078
64.0000,0.3600,0.0085
64.0000,0.3680,0.0092
64.0000,0.3760,0.0099
64.0000,0.3840,0.0107
64.0000,0.3920,0.0115
64.0000,0.4000,0.0124
64.0000,0.4080,0.0132
64.0000,0.4160,0.0141
64.0000,0.4240,0.0150
64.0000,0.4320,0.0160
64.0000,0.4400,0.0169
64.0000,0.4480,0.0179
64.0000,0.4560,0.0189
64.0000,0.4640,0.0199
64.0000,0.4720,0.0210
64.0000,0.4800,0.0220
64.0000,0.4880,0.0231
64.0000,0.4960,0.0242
64.0000,0.5040,0.0253
64.0000,0.5120,0.0265
64.0000,0.5200,0.0276
64.0000,0.5280,0.0288
64.0000,0.5360,0.0300
64.0000,0.5440,0.0312
64.0000,0.5520,0.0324
64.0000,0.5600,0.0336
64.0000,0.5680,0.0349
64.0000,0.5760,0.0361
64.0000,0.5840,0.0374
64.0000,0.6000,0.0399
66.0000,0.2000,0.0009
66.0000,0.2080,0.0011
66.0000,0.2160,0.0014
66.0000,0.2240,0.0017
66.0000,0.2320,0.0020
66.0000,0.2400,0.0024
66.0000,0.2480,0.0028
66.0000,0.2560,0.0032
66.0000,0.2640,0.0037
66.0000,0.2720,0.0042
66.0000,0.2800,0.0048
66.0000,0.2880,0.0054
66.0000,0.2960,0.0060
66.0000,0.3040,0.0067
66.0000,0.3120,0.0074
66.0000,0.3200,0.0082
66.0000,0.3280,0.0090
66.0000,0.3360,0.0098
66.0000,0.3440,0.0107
66.0000,0.3520,0.0116
66.0000,0.3600,0.0125
66.0000,0.3680,0.0134
66.0000,0.3760,0.0144
66.0000,0.3840,0.0155
66.0000,0.3920,0.0165
66.0000,0.4000,0.0176
66.0000,0.4080,0.0187
66.0000,0.4160,0.0198
66.0000,0.4240,0.0210
66.0000,0.4320,0.0221
66.0000,0.4400,0.0233
66.0000,0.4480,0.0245
66.0000,0.4560,0.0258
66.0000,0.4640,0.0270
66.0000,0.4720,0.0283
66.0000,0.4800,0.0296
66.0000,0.4880,0.0309
66.0000,0.4960,0.0323
66.0000,0.5040,0.0336
66.0000,0.5120,0.0350
66.0000,0.5200,0.0363
66.0000,0.5280,0.0377
66.0000,0.5360,0.0391
66.0000,0.5440,0.0405
66.0000,0.5520,0.0420
66.0000,0.5600,0.0434
66.0000,0.5680,0.0448
66.0000,0.5760,0.0463
66.0000,0.5840,0.0478
66.0000,0.6000,0.0507
68.0000,0.2000,0.0017
68.0000,0.2080,0.0021
68.0000,0.2160,0.0025
68.0000,0.2240,0.0030
68.0000,0.2320,0.0035
68.0000,0.2400,0.0040
68.0000,0.2480,0.0046
68.0000,0.2560,0.0053
68.0000,0.2640,0.0060
68.0000,0.2720,0.0068
68.0000,0.2800,0.0076
68.0000,0.2880,0.0084
68.0000,0.2960,0.0093
68.0000,0.3040,0.0102
68.0000,0.3120,0.0112
68.0000,0.3200,0.0122
68.0000,0.3280,0.0133
68.0000,0.3360,0.0144
68.0000,0.3440,0.0155
68.0000,0.3520,0.0167
68.0000,0.3600,0.0179
68.0000,0.3680,0.0191
68.0000,0.3760,0.0204
68.0000,0.3840,0.0217
68.0000,0.3920,0.0230
68.0000,0.4000,0.0243
68.0000,0.4080,0.0257
68.0000,0.4160,0.0271
68.0000,0.4240,0.0285
68.0000,0.4320,0.0299
68.0000,0.4400,0.0314
68.0000,0.4480,0.0329
68.0000,0.4560,0.0344
68.0000,0.4640,0.0359
68.0000,0.4720,0.0374
68.0000,0.4800,0.0389
68.0000,0.4880,0.0405
68.0000,0.4960,0.0420
68.0000,0.5040,0.0436
68.0000,0.5120,0.0452
68.0000,0.5200,0.0468
68.0000,0.5280,0.0484
68.0000,0.5360,0.0501
68.0000,0.5440,0.0517
68.0000,0.5520,0.0533
68.0000,0.5600,0.0550
68.0000,0.5680,0.0566
68.0000,0.5760,0.0583
68.0000,0.5840,0.0599
68.0000,0.6000,0.0633
70.0000,0.2000,0.0030
70.0000,0.2080,0.0036
70.0000,0.2160,0.0043
70.0000,0.2240,0.0050
70.0000,0.2320,0.0057
70.0000,0.2400,0.0066
70.0000,0.2480,0.0074
70.0000,0.2560,0.0084
70.0000,0.2640,0.0094
70.0000,0.2720,0.0104
70.0000,0.2800,0.0115
70.0000,0.2880,0.0127
70.0000,0.2960,0.0139
70.0000,0.3040,0.0151
70.0000,0.3120,0.0164
70.0000,0.3200,0.0177
70.0000,0.3280,0.0191
70.0000,0.3360,0.0205
70.0000,0.3440,0.0219
70.0000,0.3520,0.0234
70.0000,0.3600,0.0249
70.0000,0.3680,0.0264
70.0000,0.3760,0.0280
70.0000,0.3840,0.0296
70.0000,0.3920,0.0312
70.0000,0.4000,0.0328
70.0000,0.4080,0.0345
70.0000,0.4160,0.0362
70.0000,0.4240,0.0378
70.0000,0.4320,0.0396
70.0000,0.4400,0.0413
70.0000,0.4480,0.0430
70.0000,0.4560,0.0448
70.0000,0.4640,0.0465
70.0000,0.4720,0.0483
70.0000,0.4800,0.0501
70.0000,0.4880,0.0519
70.0000,0.4960,0.0537
70.0000,0.5040,0.0555
70.0000,0.5120,0.0574
70.0000,0.5200,0.0592
70.0000,0.5280,0.0610
70.0000,0.5360,0.0629
70.0000,0.5440,0.0647
70.0000,0.5520,0.0665
70.0000,0.5600,0.0684
70.0000,0.5680,0.0702
70.0000,0.5760,0.0721
70.0000,0.5840,0.0740
70.0000,0.6000,0.0777
72.0000,0.2000,0.0052
72.0000,0.2080,0.0060
72.0000,0.2160,0.0070
72.0000,0.2240,0.0080
72.0000,0.2320,0.0091
72.0000,0.2400,0.0103
72.0000,0.2480,0.0115
72.0000,0.2560,0.0128
72.0000,0.2640,0.0141
72.0000,0.2720,0.0155
72.0000,0.2800,0.0170
72.0000,0.2880,0.0185
72.0000,0.2960,0.0200
72.0000,0.3040,0.0216
72.0000,0.3120,0.0233
72.0000,0.3200,0.0250
72.0000,0.3280,0.0267
72.0000,0.3360,0.0284
72.0000,0.3440,0.0302
72.0000,0.3520,0.0320
72.0000,0.3600,0.0338
72.0000,0.3680,0.0357
72.0000,0.3760,0.0376
72.0000,0.3840,0.0394
72.0000,0.3920,0.0414
72.0000,0.4000,0.0433
72.0000,0.4080,0.0453
72.0000,0.4160,0.0472
72.0000,0.4240,0.0492
72.0000,0.4320,0.0512
72.0000,0.4400,0.0532
72.0000,0.4480,0.0552
72.0000,0.4560,0.0572
72.0000,0.4640,0.0592
72.0000,0.4720,0.0613
72.0000,0.4800,0.0633
72.0000,0.4880,0.0653
72.0000,0.4960,0.0674
72.0000,0.5040,0.0694
72.0000,0.5120,0.0715
72.0000,0.5200,0.0735
72.0000,0.5280,0.0756
72.0000,0.5360,0.0776
72.0000,0.5440,0.0797
72.0000,0.5520,0.0817
72.0000,0.5600,0.0838
72.0000,0.5680,0.0858
72.0000,0.5760,0.0878
72.0000,0.5840,0.0899
72.0000,0.6000,0.0939
74.0000,0.2000,0.0084
74.0000,0.2080,0.0097
74.0000,0.2160,0.0110
74.0000,0.2240,0.0125
74.0000,0.2320,0.0140
74.0000,0.2400,0.0155
74.0000,0.2480,0.0172
74.0000,0.2560,0.0189
74.0000,0.2640,0.0206
74.0000,0.2720,0.0224
74.0000,0.2800,0.0243
74.0000,0.2880,0.0262
74.0000,0.2960,0.0281
74.0000,0.3040,0.0301
74.0000,0.3120,0.0321
74.0000,0.3200,0.0342
74.0000,0.3280,0.0363
74.0000,0.3360,0.0384
74.0000,0.3440,0.0405
74.0000,0.3520,0.0427
74.0000,0.3600,0.0449
74.0000,0.3680,0.0470
74.0000,0.3760,0.0492
74.0000,0.3840,0.0515
74.0000,0.3920,0.0537
74.0000,0.4000,0.0559
74.0000,0.4080,0.0582
74.0000,0.4160,0.0604
74.0000,0.4240,0.0627
74.0000,0.4320,0.0650
74.0000,0.4400,0.0672
74.0000,0.4480,0.0695
74.0000,0.4560,0.0718
74.0000,0.4640,0.0741
74.0000,0.4720,0.0763
74.0000,0.4800,0.0786
74.0000,0.4880,0.0809
74.0000,0.4960,0.0831
74.0000,0.5040,0.0854
74.0000,0.5120,0.0876
74.0000,0.5200,0.0899
74.0000,0.5280,0.0921
74.0000,0.5360,0.0944
74.0000,0.5440,0.0966
74.0000,0.5520,0.0988
74.0000,0.5600,0.1010
74.0000,0.5680,0.1032
74.0000,0.5760,0.1054
74.0000,0.5840,0.1076
74.0000,0.6000,0.1120
76.0000,0.2000,0.0132
76.0000,0.2080,0.0150
76.0000,0.2160,0.0168
76.0000,0.2240,0.0187
76.0000,0.2320,0.0207
76.0000,0.2400,0.0227
76.0000,0.2480,0.0248
76.0000,0.2560,0.0270
76.0000,0.2640,0.0292
76.0000,0.2720,0.0315
76.0000,0.2800,0.0338
76.0000,0.2880,0.0361
76.0000,0.2960,0.0385
76.0000,0.3040,0.0409
76.0000,0.3120,0.0433
76.0000,0.3200,0.0457
76.0000,0.3280,0.0482
76.0000,0.3360,0.0507
76.0000,0.3440,0.0532
76.0000,0.3520,0.0557
76.0000,0.3600,0.0582
76.0000,0.3680,0.0607
76.0000,0.3760,0.0633
76.0000,0.3840,0.0658
76.0000,0.3920,0.0683
76.0000,0.4000,0.0709
76.0000,0.4080,0.0734
76.0000,0.4160,0.0759
76.0000,0.4240,0.0785
76.0000,0.4320,0.0810
76.0000,0.4400,0.0835
76.0000,0.4480,0.0860
76.0000,0.4560,0.0885
76.0000,0.4640,0.0910
76.0000,0.4720,0.0935
76.0000,0.4800,0.0960
76.0000,0.4880,0.0985
76.0000,0.4960,0.1009
76.0000,0.5040,0.1034
76.0000,0.5120,0.1058
76.0000,0.5200,0.1083
76.0000,0.5280,0.1107
76.0000,0.5360,0.1131
76.0000,0.5440,0.1155
76.0000,0.5520,0.1179
76.0000,0.5600,0.1202
76.0000,0.5680,0.1226
76.0000,0.5760,0.1249
76.0000,0.5840,0.1273
76.0000,0.6000,0.1319
78.0000,0.2000,0.0200
78.0000,0.2080,0.0223
78.0000,0.2160,0.0247
78.0000,0.2240,0.0271
78.0000,0.2320,0.0296
78.0000,0.2400,0.0322
78.0000,0.2480,0.0348
78.0000,0.2560,0.0375
78.0000,0.2640,0.0402
78.0000,0.2720,0.0429
78.0000,0.2800,0.0457
78.0000,0.2880,0.0485
78.0000,0.2960,0.0513
78.0000,0.3040,0.0541
78.0000,0.3120,0.0570
78.0000,0.3200,0.0598
78.0000,0.3280,0.0626
78.0000,0.3360,0.0655
78.0000,0.3440,0.0683
78.0000,0.3520,0.0712
78.0000,0.3600,0.0740
78.0000,0.3680,0.0769
78.0000,0.3760,0.0797
78.0000,0.3840,0.0826
78.0000,0.3920,0.0854
78.0000,0.4000,0.0882
78.0000,0.4080,0.0910
78.0000,0.4160,0.0938
78.0000,0.4240,0.0966
78.0000,0.4320,0.0993
78.0000,0.4400,0.1021
78.0000,0.4480,0.1048
78.0000,0.4560,0.1075
78.0000,0.4640,0.1102
78.0000,0.4720,0.1129
78.0000,0.4800,0.1156
78.0000,0.4880,0.1182
78.0000,0.4960,0.1208
78.0000,0.5040,0.1235
78.0000,0.5120,0.1261
78.0000,0.5200,0.1286
78.0000,0.5280,0.1312
78.0000,0.5360,0.1337
78.0000,0.5440,0.1363
78.0000,0.5520,0.1388
78.0000,0.5600,0.1413
78.0000,0.5680,0.1437
78.0000,0.5760,0.1462
78.0000,0.5840,0.1486
78.0000,0.6000,0.1534
80.0000,0.2000,0.0292
80.0000,0.2080,0.0322
80.0000,0.2160,0.0351
80.0000,0.2240,0.0382
80.0000,0.2320,0.0413
80.0000,0.2400,0.0444
80.0000,0.2480,0.0476
80.0000,0.2560,0.0508
80.0000,0.2640,0.0540
80.0000,0.2720,0.0572
80.0000,0.2800,0.0604
80.0000,0.2880,0.0636
80.0000,0.2960,0.0669
80.0000,0.3040,0.0701
80.0000,0.3120,0.0733
80.0000,0.3200,0.0766
80.0000,0.3280,0.0798
80.0000,0.3360,0.0830
80.0000,0.3440,0.0861
80.0000,0.3520,0.0893
80.0000,0.3600,0.0925
80.0000,0.3680,0.0956
80.0000,0.3760,0.0987
80.0000,0.3840,0.1018
80.0000,0.3920,0.1049
80.0000,0.4000,0.1079
80.0000,0.4080,0.1110
80.0000,0.4160,0.1140
80.0000,0.4240,0.1170
80.0000,0.4320,0.1199
80.0000,0.4400,0.1229
80.0000,0.4480,0.1258
80.0000,0.4560,0.1287
80.0000,0.4640,0.1315
80.0000,0.4720,0.1344
80.0000,0.4800,0.1372
80.0000,0.4880,0.1400
80.0000,0.4960,0.1427
80.0000,0.5040,0.1455
80.0000,0.5120,0.1482
80.0000,0.5200,0.1509
80.0000,0.5280,0.1536
80.0000,0.5360,0.1562
80.0000,0.5440,0.1589
80.0000,0.5520,0.1615
80.0000,0.5600,0.1640
80.0000,0.5680,0.1666
80.0000,0.5760,0.1691
80.0000,0.5840,0.1716
80.0000,0.6000,0.1766
82.0000,0.2000,0.0414
82.0000,0.2080,0.0450
82.0000,0.2160,0.0486
82.0000,0.2240,0.0523
82.0000,0.2320,0.0560
82.0000,0.2400,0.0597
82.0000,0.2480,0.0634
82.0000,0.2560,0.0671
82.0000,0.2640,0.0708
82.0000,0.2720,0.0744
82.0000,0.2800,0.0781
82.0000,0.2880,0.0818
82.0000,0.2960,0.0854
82.0000,0.3040,0.0890
82.0000,0.3120,0.0926
82.0000,0.3200,0.0961
82.0000,0.3280,0.0997
82.0000,0.3360,0.1032
82.0000,0.3440,0.1066
82.0000,0.3520,0.1101
82.0000,0.3600,0.1135
82.0000,0.3680,0.1169
82.0000,0.3760,0.1202
82.0000,0.3840,0.1235
82.0000,0.3920,0.1268
82.0000,0.4000,0.1301
82.0000,0.4080,0.1333
82.0000,0.4160,0.1365
82.0000,0.4240,0.1396
82.0000,0.4320,0.1427
82.0000,0.4400,0.1458
82.0000,0.4480,0.1489
82.0000,0.4560,0.1519
82.0000,0.4640,0.1549
82.0000,0.4720,0.1579
82.0000,0.4800,0.1608
82.0000,0.4880,0.1637
82.0000,0.4960,0.1665
82.0000,0.5040,0.1694
82.0000,0.5120,0.1722
82.0000,0.5200,0.1750
82.0000,0.5280,0.1777
82.0000,0.5360,0.1804
82.0000,0.5440,0.1831
82.0000,0.5520,0.1858
82.0000,0.5600,0.1884
82.0000,0.5680,0.1910
82.0000,0.5760,0.1936
82.0000,0.5840,0.1962
82.0000,0.6000,0.2012
84.0000,0.2000,0.0570
84.0000,0.2080,0.0612
84.0000,0.2160,0.0655
84.0000,0.2240,0.0698
84.0000,0.2320,0.0740
84.0000,0.2400,0.0782
84.0000,0.2480,0.0824
84.0000,0.2560,0.0866
84.0000,0.2640,0.0907
84.0000,0.2720,0.0948
84.0000,0.2800,0.0989
84.0000,0.2880,0.1029
84.0000,0.2960,0.1069
84.0000,0.3040,0.1108
84.0000,0.3120,0.1147
84.0000,0.3200,0.1186
84.0000,0.3280,0.1224
84.0000,0.3360,0.1261
84.0000,0.3440,0.1298
84.0000,0.3520,0.1335
84.0000,0.3600,0.1371
84.0000,0.3680,0.1407
84.0000,0.3760,0.1442
84.0000,0.3840,0.1477
84.0000,0.3920,0.1511
84.0000,0.4000,0.1545
84.0000,0.4080,0.1579
84.0000,0.4160,0.1612
84.0000,0.4240,0.1645
84.0000,0.4320,0.1677
84.0000,0.4400,0.1709
84.0000,0.4480,0.1740
84.0000,0.4560,0.1771
84.0000,0.4640,0.1802
84.0000,0.4720,0.1832
84.0000,0.4800,0.1862
84.0000,0.4880,0.1892
84.0000,0.4960,0.1921
84.0000,0.5040,0.1950
84.0000,0.5120,0.1979
84.0000,0.5200,0.2007
84.0000,0.5280,0.2035
84.0000,0.5360,0.2062
84.0000,0.5440,0.2089
84.0000,0.5520,0.2116
84.0000,0.5600,0.2143
84.0000,0.5680,0.2169
84.0000,0.5760,0.2195
84.0000,0.5840,0.2220
84.0000,0.6000,0.2271
86.0000,0.2000,0.0763
86.0000,0.2080,0.0812
86.0000,0.2160,0.0861
86.0000,0.2240,0.0909
86.0000,0.2320,0.0956
86.0000,0.2400,0.1003
86.0000,0.2480,0.1049
86.0000,0.2560,0.1095
86.0000,0.2640,0.1140
86.0000,0.2720,0.1185
86.0000,0.2800,0.1229
86.0000,0.2880,0.1272
86.0000,0.2960,0.1314
86.0000,0.3040,0.1356
86.0000,0.3120,0.1397
86.0000,0.3200,0.1438
86.0000,0.3280,0.1478
86.0000,0.3360,0.1518
86.0000,0.3440,0.1556
86.0000,0.3520,0.1594
86.0000,0.3600,0.1632
86.0000,0.3680,0.1669
86.0000,0.3760,0.1706
86.0000,0.3840,0.1742
86.0000,0.3920,0.1777
86.0000,0.4000,0.1812
86.0000,0.4080,0.1846
86.0000,0.4160,0.1880
86.0000,0.4240,0.1913
86.0000,0.4320,0.1946
86.0000,0.4400,0.1978
86.0000,0.4480,0.2010
86.0000,0.4560,0.2042
86.0000,0.4640,0.2073
86.0000,0.4720,0.2103
86.0000,0.4800,0.2134
86.0000,0.4880,0.2163
86.0000,0.4960,0.2193
86.0000,0.5040,0.2222
86.0000,0.5120,0.2250
86.0000,0.5200,0.2278
86.0000,0.5280,0.2306
86.0000,0.5360,0.2334
86.0000,0.5440,0.2361
86.0000,0.5520,0.2387
86.0000,0.5600,0.2414
86.0000,0.5680,0.2440
86.0000,0.5760,0.2466
86.0000,0.5840,0.2491
86.0000,0.6000,0.2541
88.0000,0.2000,0.0997
88.0000,0.2080,0.1051
88.0000,0.2160,0.1105
88.0000,0.2240,0.1157
88.0000,0.2320,0.1209
88.0000,0.2400,0.1260
88.0000,0.2480,0.1309
88.0000,0.2560,0.1358
88.0000,0.2640,0.1406
88.0000,0.2720,0.1453
88.0000,0.2800,0.1499
88.0000,0.2880,0.1545
88.0000,0.2960,0.1589
88.0000,0.3040,0.1633
88.0000,0.3120,0.1676
88.0000,0.3200,0.1718
88.0000,0.3280,0.1759
88.0000,0.3360,0.1799
88.0000,0.3440,0.1839
88.0000,0.3520,0.1878
88.0000,0.3600,0.1916
88.0000,0.3680,0.1954
88.0000,0.3760,0.1991
88.0000,0.3840,0.2027
88.0000,0.3920,0.2063
88.0000,0.4000,0.2098
88.0000,0.4080,0.2133
88.0000,0.4160,0.2167
88.0000,0.4240,0.2200
88.0000,0.4320,0.2233
88.0000,0.4400,0.2265
88.0000,0.4480,0.2297
88.0000,0.4560,0.2329
88.0000,0.4640,0.2359
88.0000,0.4720,0.2390
88.0000,0.4800,0.2420
88.0000,0.4880,0.2449
88.0000,0.4960,0.2478
88.0000,0.5040,0.2507
88.0000,0.5120,0.2535
88.0000,0.5200,0.2563
88.0000,0.5280,0.2590
88.0000,0.5360,0.2617
88.0000,0.5440,0.2644
88.0000,0.5520,0.2670
88.0000,0.5600,0.2696
88.0000,0.5680,0.2721
88.0000,0.5760,0.2746
88.0000,0.5840,0.2771
88.0000,0.6000,0.2820
90.0000,0.2000,0.1272
90.0000,0.2080,0.1330
90.0000,0.2160,0.1388
90.0000,0.2240,0.1444
90.0000,0.2320,0.1498
90.0000,0.2400,0.1551
90.0000,0.2480,0.1604
90.0000,0.2560,0.1654
90.0000,0.2640,0.1704
90.0000,0.2720,0.1753
90.0000,0.2800,0.1800
90.0000,0.2880,0.1847
90.0000,0.2960,0.1892
90.0000,0.3040,0.1936
90.0000,0.3120,0.1980
90.0000,0.3200,0.2022
90.0000,0.3280,0.2064
90.0000,0.3360,0.2104
90.0000,0.3440,0.2144
90.0000,0.3520,0.2183
90.0000,0.3600,0.2222
90.0000,0.3680,0.2259
90.0000,0.3760,0.2296
90.0000,0.3840,0.2332
90.0000,0.3920,0.2368
90.0000,0.4000,0.2402
90.0000,0.4080,0.2437
90.0000,0.4160,0.2470
90.0000,0.4240,0.2503
90.0000,0.4320,0.2535
90.0000,0.4400,0.2567
90.0000,0.4480,0.2598
90.0000,0.4560,0.2629
90.0000,0.4640,0.2659
90.0000,0.4720,0.2689
90.0000,0.4800,0.2718
90.0000,0.4880,0.2747
90.0000,0.4960,0.2775
90.0000,0.5040,0.2803
90.0000,0.5120,0.2830
90.0000,0.5200,0.2857
90.0000,0.5280,0.2884
90.0000,0.5360,0.2910
90.0000,0.5440,0.2936
90.0000,0.5520,0.2961
90.0000,0.5600,0.2986
90.0000,0.5680,0.3011
90.0000,0.5760,0.3036
90.0000,0.5840,0.3060
90.0000,0.6000,0.3107
92.0000,0.2000,0.1588
92.0000,0.2080,0.1649
92.0000,0.2160,0.1709
92.0000,0.2240,0.1766
92.0000,0.2320,0.1822
92.0000,0.2400,0.1877
92.0000,0.2480,0.1930
92.0000,0.2560,0.1982
92.0000,0.2640,0.2032
92.0000,0.2720,0.2081
92.0000,0.2800,0.2128
92.0000,0.2880,0.2175
92.0000,0.2960,0.2220
92.0000,0.3040,0.2264
92.0000,0.3120,0.2307
92.0000,0.3200,0.2349
92.0000,0.3280,0.2390
92.0000,0.3360,0.2430
92.0000,0.3440,0.2470
92.0000,0.3520,0.2508
92.0000,0.3600,0.2546
92.0000,0.3680,0.2582
92.0000,0.3760,0.2618
92.0000,0.3840,0.2654
92.0000,0.3920,0.2688
92.0000,0.4000,0.2722
92.0000,0.4080,0.2755
92.0000,0.4160,0.2787
92.0000,0.4240,0.2819
92.0000,0.4320,0.2851
92.0000,0.4400,0.2881
92.0000,0.4480,0.2912
92.0000,0.4560,0.2941
92.0000,0.4640,0.2970
92.0000,0.4720,0.2999
92.0000,0.4800,0.3027
92.0000,0.4880,0.3054
92.0000,0.4960,0.3082
92.0000,0.5040,0.3108
92.0000,0.5120,0.3135
92.0000,0.5200,0.3160
92.0000,0.5280,0.3186
92.0000,0.5360,0.3211
92.0000,0.5440,0.3236
92.0000,0.5520,0.3260
92.0000,0.5600,0.3284
92.0000,0.5680,0.3307
92.0000,0.5760,0.3331
92.0000,0.5840,0.3354
92.0000,0.6000,0.3398
94.0000,0.2000,0.1943
94.0000,0.2080,0.2005
94.0000,0.2160,0.2065
94.0000,0.2240,0.2123
94.0000,0.2320,0.2179
94.0000,0.2400,0.2233
94.0000,0.2480,0.2286
94.0000,0.2560,0.2337
94.0000,0.2640,0.2386
94.0000,0.2720,0.2434
94.0000,0.2800,0.2481
94.0000,0.2880,0.2526
94.0000,0.2960,0.2570
94.0000,0.3040,0.2613
94.0000,0.3120,0.2655
94.0000,0.3200,0.2696
94.0000,0.3280,0.2735
94.0000,0.3360,0.2774
94.0000,0.3440,0.2812
94.0000,0.3520,0.2849
94.0000,0.3600,0.2885
94.0000,0.3680,0.2920
94.0000,0.3760,0.2955
94.0000,0.3840,0.2988
94.0000,0.3920,0.3021
94.0000,0.4000,0.3054
94.0000,0.4080,0.3085
94.0000,0.4160,0.3116
94.0000,0.4240,0.3146
94.0000,0.4320,0.3176
94.0000,0.4400,0.3205
94.0000,0.4480,0.3234
94.0000,0.4560,0.3262
94.0000,0.4640,0.3290
94.0000,0.4720,0.3317
94.0000,0.4800,0.3343
94.0000,0.4880,0.3369
94.0000,0.4960,0.3395
94.0000,0.5040,0.3420
94.0000,0.5120,0.3445
94.0000,0.5200,0.3469
94.0000,0.5280,0.3493
94.0000,0.5360,0.3517
94.0000,0.5440,0.3540
94.0000,0.5520,0.3563
94.0000,0.5600,0.3586
94.0000,0.5680,0.3608
94.0000,0.5760,0.3630
94.0000,0.5840,0.3651
94.0000,0.6000,0.3693
96.0000,0.2000,0.2334
96.0000,0.2080,0.2395
96.0000,0.2160,0.2454
96.0000,0.2240,0.2510
96.0000,0.2320,0.2564
96.0000,0.2400,0.2617
96.0000,0.2480,0.2667
96.0000,0.2560,0.2716
96.0000,0.2640,0.2764
96.0000,0.2720,0.2810
96.0000,0.2800,0.2854
96.0000,0.2880,0.2897
96.0000,0.2960,0.2939
96.0000,0.3040,0.2980
96.0000,0.3120,0.3020
96.0000,0.3200,0.3058
96.0000,0.3280,0.3096
96.0000,0.3360,0.3132
96.0000,0.3440,0.3168
96.0000,0.3520,0.3203
96.0000,0.3600,0.3236
96.0000,0.3680,0.3270
96.0000,0.3760,0.3302
96.0000,0.3840,0.3333
96.0000,0.3920,0.3364
96.0000,0.4000,0.3395
96.0000,0.4080,0.3424
96.0000,0.4160,0.3453
96.0000,0.4240,0.3481
96.0000,0.4320,0.3509
96.0000,0.4400,0.3536
96.0000,0.4480,0.3563
96.0000,0.4560,0.3589
96.0000,0.4640,0.3615
96.0000,0.4720,0.3640
96.0000,0.4800,0.3665
96.0000,0.4880,0.3689
96.0000,0.4960,0.3713
96.0000,0.5040,0.3736
96.0000,0.5120,0.3760
96.0000,0.5200,0.3782
96.0000,0.5280,0.3804
96.0000,0.5360,0.3826
96.0000,0.5440,0.3848
96.0000,0.5520,0.3869
96.0000,0.5600,0.3890
96.0000,0.5680,0.3911
96.0000,0.5760,0.3931
96.0000,0.5840,0.3951
96.0000,0.6000,0.3990
98.0000,0.2000,0.2756
98.0000,0.2080,0.2814
98.0000,0.2160,0.2869
98.0000,0.2240,0.2922
98.0000,0.2320,0.2973
98.0000,0.2400,0.3022
98.0000,0.2480,0.3070
98.0000,0.2560,0.3115
98.0000,0.2640,0.3160
98.0000,0.2720,0.3202
98.0000,0.2800,0.3244
98.0000,0.2880,0.3284
98.0000,0.2960,0.3323
98.0000,0.3040,0.3360
98.0000,0.3120,0.3397
98.0000,0.3200,0.3432
98.0000,0.3280,0.3467
98.0000,0.3360,0.3501
98.0000,0.3440,0.3534
98.0000,0.3520,0.3566
98.0000,0.3600,0.3597
98.0000,0.3680,0.3627
98.0000,0.3760,0.3657
98.0000,0.3840,0.3686
98.0000,0.3920,0.3714
98.0000,0.4000,0.3742
98.0000,0.4080,0.3769
98.0000,0.4160,0.3795
98.0000,0.4240,0.3821
98.0000,0.4320,0.3847
98.0000,0.4400,0.3872
98.0000,0.4480,0.3896
98.0000,0.4560,0.3920
98.0000,0.4640,0.3944
98.0000,0.4720,0.3967
98.0000,0.4800,0.3989
98.0000,0.4880,0.4011
98.0000,0.4960,0.4033
98.0000,0.5040,0.4055
98.0000,0.5120,0.4076
98.0000,0.5200,0.4096
98.0000,0.5280,0.4117
98.0000,0.5360,0.4137
98.0000,0.5440,0.4157
98.0000,0.5520,0.4176
98.0000,0.5600,0.4195
98.0000,0.5680,0.4214
98.0000,0.5760,0.4232
98.0000,0.5840,0.4251
98.0000,0.6000,0.4286
100.0000,0.2000,0.3203
100.0000,0.2080,0.3256
100.0000,0.2160,0.3306
100.0000,0.2240,0.3354
100.0000,0.2320,0.3401
100.0000,0.2400,0.3445
100.0000,0.2480,0.3488
100.0000,0.2560,0.3529
100.0000,0.2640,0.3569
100.0000,0.2720,0.3608
100.0000,0.2800,0.3645
100.0000,0.2880,0.3681
100.0000,0.2960,0.3716
100.0000,0.3040,0.3750
100.0000,0.3120,0.3783
100.0000,0.3200,0.3815
100.0000,0.3280,0.3846
100.0000,0.3360,0.3876
100.0000,0.3440,0.3906
100.0000,0.3520,0.3934
100.0000,0.3600,0.3962
100.0000,0.3680,0.3989
100.0000,0.3760,0.4016
100.0000,0.3840,0.4042
100.0000,0.3920,0.4067
100.0000,0.4000,0.4092
100.0000,0.4080,0.4117
100.0000,0.4160,0.4140
100.0000,0.4240,0.4164
100.0000,0.4320,0.4186
100.0000,0.4400,0.4209
100.0000,0.4480,0.4230
100.0000,0.4560,0.4252
100.0000,0.4640,0.4273
100.0000,0.4720,0.4294
100.0000,0.4800,0.4314
100.0000,0.4880,0.4334
100.0000,0.4960,0.4353
100.0000,0.5040,0.4373
100.0000,0.5120,0.4391
100.0000,0.5200,0.4410
100.0000,0.5280,0.4428
100.0000,0.5360,0.4446
100.0000,0.5440,0.4464
100.0000,0.5520,0.4481
100.0000,0.5600,0.4499
100.0000,0.5680,0.4515
100.0000,0.5760,0.4532
100.0000,0.5840,0.4548
100.0000,0.6000,0.4581
102.0000,0.2000,0.3668
102.0000,0.2080,0.3714
102.0000,0.2160,0.3758
102.0000,0.2240,0.3800
102.0000,0.2320,0.3841
102.0000,0.2400,0.3880
102.0000,0.2480,0.3917
102.0000,0.2560,0.3953
102.0000,0.2640,0.3988
102.0000,0.2720,0.4021
102.0000,0.2800,0.4054
102.0000,0.2880,0.4085
102.0000,0.2960,0.4115
102.0000,0.3040,0.4145
102.0000,0.3120,0.4173
102.0000,0.3200,0.4201
102.0000,0.3280,0.4228
102.0000,0.3360,0.4255
102.0000,0.3440,0.4280
102.0000,0.3520,0.4305
102.0000,0.3600,0.4330
102.0000,0.3680,0.4353
102.0000,0.3760,0.4377
102.0000,0.3840,0.4399
102.0000,0.3920,0.4421
102.0000,0.4000,0.4443
102.0000,0.4080,0.4464
102.0000,0.4160,0.4485
102.0000,0.4240,0.4505
102.0000,0.4320,0.4525
102.0000,0.4400,0.4545
102.0000,0.4480,0.4564
102.0000,0.4560,0.4583
102.0000,0.4640,0.4601
102.0000,0.4720,0.4619
102.0000,0.4800,0.4637
102.0000,0.4880,0.4654
102.0000,0.4960,0.4671
102.0000,0.5040,0.4688
102.0000,0.5120,0.4705
102.0000,0.5200,0.4721
102.0000,0.5280,0.4737
102.0000,0.5360,0.4753
102.0000,0.5440,0.4769
102.0000,0.5520,0.4784
102.0000,0.5600,0.4799
102.0000,0.5680,0.4814
102.0000,0.5760,0.4828
102.0000,0.5840,0.4843
102.0000,0.6000,0.4871
104.0000,0.2000,0.4144
104.0000,0.2080,0.4182
104.0000,0.2160,0.4219
104.0000,0.2240,0.4254
104.0000,0.2320,0.4287
104.0000,0.2400,0.4320
104.0000,0.2480,0.4351
104.0000,0.2560,0.4381
104.0000,0.2640,0.4409
104.0000,0.2720,0.4437
104.0000,0.2800,0.4464
104.0000,0.2880,0.4491
104.0000,0.2960,0.4516
104.0000,0.3040,0.4541
104.0000,0.3120,0.4565
104.0000,0.3200,0.4588
104.0000,0.3280,0.4611
104.0000,0.3360,0.4633
104.0000,0.3440,0.4654
104.0000,0.3520,0.4675
104.0000,0.3600,0.4696
104.0000,0.3680,0.4716
104.0000,0.3760,0.4735
104.0000,0.3840,0.4754
104.0000,0.3920,0.4773
104.0000,0.4000,0.4791
104.0000,0.4080,0.4809
104.0000,0.4160,0.4827
104.0000,0.4240,0.4844
104.0000,0.4320,0.4861
104.0000,0.4400,0.4877
104.0000,0.4480,0.4894
104.0000,0.4560,0.4910
104.0000,0.4640,0.4925
104.0000,0.4720,0.4941
104.0000,0.4800,0.4956
104.0000,0.4880,0.4971
104.0000,0.4960,0.4985
104.0000,0.5040,0.5000
104.0000,0.5120,0.5014
104.0000,0.5200,0.5028
104.0000,0.5280,0.5042
104.0000,0.5360,0.5055
104.0000,0.5440,0.5068
104.0000,0.5520,0.5082
104.0000,0.5600,0.5095
104.0000,0.5680,0.5107
104.0000,0.5760,0.5120
104.0000,0.5840,0.5132
104.0000,0.6000,0.5157
106.0000,0.2000,0.4624
106.0000,0.2080,0.4653
106.0000,0.2160,0.4681
106.0000,0.2240,0.4708
106.0000,0.2320,0.4734
106.0000,0.2400,0.4760
106.0000,0.2480,0.4784
106.0000,0.2560,0.4807
106.0000,0.2640,0.4830
106.0000,0.2720,0.4852
106.0000,0.2800,0.4873
106.0000,0.2880,0.4894
106.0000,0.2960,0.4914
106.0000,0.3040,0.4933
106.0000,0.3120,0.4952
106.0000,0.3200,0.4971
106.0000,0.3280,0.4989
106.0000,0.3360,0.5007
106.0000,0.3440,0.5024
106.0000,0.3520,0.5041
106.0000,0.3600,0.5057
106.0000,0.3680,0.5073
106.0000,0.3760,0.5089
106.0000,0.3840,0.5104
106.0000,0.3920,0.5120
106.0000,0.4000,0.5134
106.0000,0.4080,0.5149
106.0000,0.4160,0.5163
106.0000,0.4240,0.5177
106.0000,0.4320,0.5191
106.0000,0.4400,0.5205
106.0000,0.4480,0.5218
106.0000,0.4560,0.5231
106.0000,0.4640,0.5244
106.0000,0.4720,0.5256
106.0000,0.4800,0.5269
106.0000,0.4880,0.5281
106.0000,0.4960,0.5293
106.0000,0.5040,0.5305
106.0000,0.5120,0.5317
106.0000,0.5200,0.5329
106.0000,0.5280,0.5340
106.0000,0.5360,0.5351
106.0000,0.5440,0.5362
106.0000,0.5520,0.5373
106.0000,0.5600,0.5384
106.0000,0.5680,0.5395
106.0000,0.5760,0.5405
106.0000,0.5840,0.5416
106.0000,0.6000,0.5436
108.0000,0.2000,0.5099
108.0000,0.2080,0.5120
108.0000,0.2160,0.5139
108.0000,0.2240,0.5158
108.0000,0.2320,0.5177
108.0000,0.2400,0.5194
108.0000,0.2480,0.5211
108.0000,0.2560,0.5228
108.0000,0.2640,0.5244
108.0000,0.2720,0.5260
108.0000,0.2800,0.5276
108.0000,0.2880,0.5291
108.0000,0.2960,0.5305
108.0000,0.3040,0.5319
108.0000,0.3120,0.5333
108.0000,0.3200,0.5347
108.0000,0.3280,0.5361
108.0000,0.3360,0.5374
108.0000,0.3440,0.5387
108.0000,0.3520,0.5399
108.0000,0.3600,0.5412
108.0000,0.3680,0.5424
108.0000,0.3760,0.5436
108.0000,0.3840,0.5447
108.0000,0.3920,0.5459
108.0000,0.4000,0.5470
108.0000,0.4080,0.5481
108.0000,0.4160,0.5492
108.0000,0.4240,0.5503
108.0000,0.4320,0.5514
108.0000,0.4400,0.5524
108.0000,0.4480,0.5535
108.0000,0.4560,0.5545
108.0000,0.4640,0.5555
108.0000,0.4720,0.5565
108.0000,0.4800,0.5575
108.0000,0.4880,0.5584
108.0000,0.4960,0.5594
108.0000,0.5040,0.5603
108.0000,0.5120,0.5613
108.0000,0.5200,0.5622
108.0000,0.5280,0.5631
108.0000,0.5360,0.5640
108.0000,0.5440,0.5649
108.0000,0.5520,0.5658
108.0000,0.5600,0.5666
108.0000,0.5680,0.5675
108.0000,0.5760,0.5683
108.0000,0.5840,0.5692
108.0000,0.6000,0.5708
110.0000,0.2000,0.5565
110.0000,0.2080,0.5576
110.0000,0.2160,0.5587
110.0000,0.2240,0.5598
110.0000,0.2320,0.5608
110.0000,0.2400,0.5619
110.0000,0.2480,0.5629
110.0000,0.2560,0.5639
110.0000,0.2640,0.5649
110.0000,0.2720,0.5658
110.0000,0.2800,0.5668
110.0000,0.2880,0.5677
110.0000,0.2960,0.5686
110.0000,0.3040,0.5696
110.0000,0.3120,0.5705
110.0000,0.3200,0.5713
110.0000,0.3280,0.5722
110.0000,0.3360,0.5731
110.0000,0.3440,0.5739
110.0000,0.3520,0.5748
110.0000,0.3600,0.5756
110.0000,0.3680,0.5765
110.0000,0.3760,0.5773
110.0000,0.3840,0.5781
110.0000,0.3920,0.5789
110.0000,0.4000,0.5797
110.0000,0.4080,0.5804
110.0000,0.4160,0.5812
110.0000,0.4240,0.5820
110.0000,0.4320,0.5827
110.0000,0.4400,0.5835
110.0000,0.4480,0.5842
110.0000,0.4560,0.5850
110.0000,0.4640,0.5857
110.0000,0.4720,0.5864
110.0000,0.4800,0.5871
110.0000,0.4880,0.5879
110.0000,0.4960,0.5886
110.0000,0.5040,0.5893
110.0000,0.5120,0.5900
110.0000,0.5200,0.5906
110.0000,0.5280,0.5913
110.0000,0.5360,0.5920
110.0000,0.5440,0.5927
110.0000,0.5520,0.5933
110.0000,0.5600,0.5940
110.0000,0.5680,0.5947
110.0000,0.5760,0.5953
110.0000,0.5840,0.5960
110.0000,0.6000,0.5972
112.0000,0.2000,0.6015
112.0000,0.2080,0.6017
112.0000,0.2160,0.6020
112.0000,0.2240,0.6023
112.0000,0.2320,0.6026
112.0000,0.2400,0.6029
112.0000,0.2480,0.6032
112.0000,0.2560,0.6036
112.0000,0.2640,0.6039
112.0000,0.2720,0.6043
112.0000,0.2800,0.6047
112.0000,0.2880,0.6051
112.0000,0.2960,0.6055
112.0000,0.3040,0.6059
112.0000,0.3120,0.6063
112.0000,0.3200,0.6067
112.0000,0.3280,0.6072
112.0000,0.3360,0.6076
112.0000,0.3440,0.6080
112.0000,0.3520,0.6085
112.0000,0.3600,0.6089
112.0000,0.3680,0.6094
112.0000,0.3760,0.6098
112.0000,0.3840,0.6103
112.0000,0.3920,0.6107
112.0000,0.4000,0.6112
112.0000,0.4080,0.6117
112.0000,0.4160,0.6121
112.0000,0.4240,0.6126
112.0000,0.4320,0.6130
112.0000,0.4400,0.6135
112.0000,0.4480,0.6140
112.0000,0.4560,0.6144
112.0000,0.4640,0.6149
112.0000,0.4720,0.6154
112.0000,0.4800,0.6158
112.0000,0.4880,0.6163
112.0000,0.4960,0.6168
112.0000,0.5040,0.6172
112.0000,0.5120,0.6177
112.0000,0.5200,0.6181
112.0000,0.5280,0.6186
112.0000,0.5360,0.6191
112.0000,0.5440,0.6195
112.0000,0.5520,0.6200
112.0000,0.5600,0.6204
112.0000,0.5680,0.6209
112.0000,0.5760,0.6214
112.0000,0.5840,0.6218
112.0000,0.6000,0.6227
114.0000,0.2000,0.6444
114.0000,0.2080,0.6438
114.0000,0.2160,0.6433
114.0000,0.2240,0.6428
114.0000,0.2320,0.6424
114.0000,0.2400,0.6421
114.0000,0.2480,0.6418
114.0000,0.2560,0.6415
114.0000,0.2640,0.6413
114.0000,0.2720,0.6411
114.0000,0.2800,0.6410
114.0000,0.2880,0.6409
114.0000,0.2960,0.6408
114.0000,0.3040,0.6407
114.0000,0.3120,0.6407
114.0000,0.3200,0.6407
114.0000,0.3280,0.6407
114.0000,0.3360,0.6407
114.0000,0.3440,0.6407
114.0000,0.3520,0.6408
114.0000,0.3600,0.6409
114.0000,0.3680,0.6410
114.0000,0.3760,0.6411
114.0000,0.3840,0.6412
114.0000,0.3920,0.6413
114.0000,0.4000,0.6415
114.0000,0.4080,0.6416
114.0000,0.4160,0.6418
114.0000,0.4240,0.6420
114.0000,0.4320,0.6421
114.0000,0.4400,0.6423
114.0000,0.4480,0.6425
114.0000,0.4560,0.6427
114.0000,0.4640,0.6429
114.0000,0.4720,0.6432
114.0000,0.4800,0.6434
114.0000,0.4880,0.6436
114.0000,0.4960,0.6438
114.0000,0.5040,0.6441
114.0000,0.5120,0.6443
114.0000,0.5200,0.6446
114.0000,0.5280,0.6448
114.0000,0.5360,0.6451
114.0000,0.5440,0.6454
114.0000,0.5520,0.6456
114.0000,0.5600,0.6459
114.0000,0.5680,0.6462
114.0000,0.5760,0.6464
114.0000,0.5840,0.6467
114.0000,0.6000,0.6473
116.0000,0.2000,0.6849
116.0000,0.2080,0.6836
116.0000,0.2160,0.6823
116.0000,0.2240,0.6812
116.0000,0.2320,0.6802
116.0000,0.2400,0.6792
116.0000,0.2480,0.6783
116.0000,0.2560,0.6775
116.0000,0.2640,0.6768
116.0000,0.2720,0.6761
116.0000,0.2800,0.6754
116.0000,0.2880,0.6748
116.0000,0.2960,0.6743
116.0000,0.3040,0.6738
116.0000,0.3120,0.6734
116.0000,0.3200,0.6729
116.0000,0.3280,0.6726
116.0000,0.3360,0.6722
116.0000,0.3440,0.6719
116.0000,0.3520,0.6716
116.0000,0.3600,0.6713
116.0000,0.3680,0.6711
116.0000,0.3760,0.6709
116.0000,0.3840,0.6707
116.0000,0.3920,0.6705
116.0000,0.4000,0.6704
116.0000,0.4080,0.6702
116.0000,0.4160,0.6701
116.0000,0.4240,0.6700
116.0000,0.4320,0.6700
116.0000,0.4400,0.6699
116.0000,0.4480,0.6698
116.0000,0.4560,0.6698
116.0000,0.4640,0.6698
116.0000,0.4720,0.6698
116.0000,0.4800,0.6698
116.0000,0.4880,0.6698
116.0000,0.4960,0.6698
116.0000,0.5040,0.6698
116.0000,0.5120,0.6699
116.0000,0.5200,0.6699
116.0000,0.5280,0.6700
116.0000,0.5360,0.6700
116.0000,0.5440,0.6701
116.0000,0.5520,0.6702
116.0000,0.5600,0.6703
116.0000,0.5680,0.6704
116.0000,0.5760,0.6705
116.0000,0.5840,0.6706
116.0000,0.6000,0.6708
118.0000,0.2000,0.7226
118.0000,0.2080,0.7207
118.0000,0.2160,0.7188
118.0000,0.2240,0.7171
118.0000,0.2320,0.7155
118.0000,0.2400,0.7140
118.0000,0.2480,0.7126
118.0000,0.2560,0.7113
118.0000,0.2640,0.7101
118.0000,0.2720,0.7090
118.0000,0.2800,0.7079
118.0000,0.2880,0.7069
118.0000,0.2960,0.7060
118.0000,0.3040,0.7051
118.0000,0.3120,0.7042
118.0000,0.3200,0.7035
118.0000,0.3280,0.7027
118.0000,0.3360,0.7020
118.0000,0.3440,0.7014
118.0000,0.3520,0.7008
118.0000,0.3600,0.7002
118.0000,0.3680,0.6997
118.0000,0.3760,0.6992
118.0000,0.3840,0.6987
118.0000,0.3920,0.6983
118.0000,0.4000,0.6978
118.0000,0.4080,0.6974
118.0000,0.4160,0.6971
118.0000,0.4240,0.6967
118.0000,0.4320,0.6964
118.0000,0.4400,0.6961
118.0000,0.4480,0.6958
118.0000,0.4560,0.6956
118.0000,0.4640,0.6953
118.0000,0.4720,0.6951
118.0000,0.4800,0.6949
118.0000,0.4880,0.6947
118.0000,0.4960,0.6945
118.0000,0.5040,0.6943
118.0000,0.5120,0.6942
118.0000,0.5200,0.6941
118.0000,0.5280,0.6939
118.0000,0.5360,0.6938
118.0000,0.5440,0.6937
118.0000,0.5520,0.6936
118.0000,0.5600,0.6935
118.0000,0.5680,0.6935
118.0000,0.5760,0.6934
118.0000,0.5840,0.6934
118.0000,0.6000,0.6933
120.0000,0.2000,0.7574
120.0000,0.2080,0.7549
120.0000,0.2160,0.7526
120.0000,0.2240,0.7504
120.0000,0.2320,0.7483
120.0000,0.2400,0.7464
120.0000,0.2480,0.7446
120.0000,0.2560,0.7429
120.0000,0.2640,0.7412
120.0000,0.2720,0.7397
120.0000,0.2800,0.7383
120.0000,0.2880,0.7369
120.0000,0.2960,0.7356
120.0000,0.3040,0.7344
120.0000,0.3120,0.7332
120.0000,0.3200,0.7321
120.0000,0.3280,0.7311
120.0000,0.3360,0.7301
120.0000,0.3440,0.7292
120.0000,0.3520,0.7283
120.0000,0.3600,0.7274
120.0000,0.3680,0.7266
120.0000,0.3760,0.7259
120.0000,0.3840,0.7251
120.0000,0.3920,0.7244
120.0000,0.4000,0.7238
120.0000,0.4080,0.7232
120.0000,0.4160,0.7226
120.0000,0.4240,0.7220
120.0000,0.4320,0.7215
120.0000,0.4400,0.7209
120.0000,0.4480,0.7204
120.0000,0.4560,0.7200
120.0000,0.4640,0.7195
120.0000,0.4720,0.7191
120.0000,0.4800,0.7187
120.0000,0.4880,0.7183
120.0000,0.4960,0.7180
120.0000,0.5040,0.7176
120.0000,0.5120,0.7173
120.0000,0.5200,0.7170
120.0000,0.5280,0.7167
120.0000,0.5360,0.7164
120.0000,0.5440,0.7162
120.0000,0.5520,0.7159
120.0000,0.5600,0.7157
120.0000,0.5680,0.7155
120.0000,0.5760,0.7153
120.0000,0.5840,0.7151
120.0000,0.6000,0.7147
122.0000,0.2000,0.7892
122.0000,0.2080,0.7863
122.0000,0.2160,0.7836
122.0000,0.2240,0.7810
122.0000,0.2320,0.7785
122.0000,0.2400,0.7762
122.0000,0.2480,0.7741
122.0000,0.2560,0.7720
122.0000,0.2640,0.7701
122.0000,0.2720,0.7682
122.0000,0.2800,0.7665
122.0000,0.2880,0.7648
122.0000,0.2960,0.7632
122.0000,0.3040,0.7617
122.0000,0.3120,0.7603
122.0000,0.3200,0.7589
122.0000,0.3280,0.7576
122.0000,0.3360,0.7563
122.0000,0.3440,0.7552
122.0000,0.3520,0.7540
122.0000,0.3600,0.7529
122.0000,0.3680,0.7519
122.0000,0.3760,0.7509
122.0000,0.3840,0.7500
122.0000,0.3920,0.7491
122.0000,0.4000,0.7482
122.0000,0.4080,0.7473
122.0000,0.4160,0.7466
122.0000,0.4240,0.7458
122.0000,0.4320,0.7451
122.0000,0.4400,0.7444
122.0000,0.4480,0.7437
122.0000,0.4560,0.7430
122.0000,0.4640,0.7424
122.0000,0.4720,0.7418
122.0000,0.4800,0.7413
122.0000,0.4880,0.7407
122.0000,0.4960,0.7402
122.0000,0.5040,0.7397
122.0000,0.5120,0.7392
122.0000,0.5200,0.7387
122.0000,0.5280,0.7383
122.0000,0.5360,0.7379
122.0000,0.5440,0.7375
122.0000,0.5520,0.7371
122.0000,0.5600,0.7367
122.0000,0.5680,0.7363
122.0000,0.5760,0.7360
122.0000,0.5840,0.7357
122.0000,0.6000,0.7350
124.0000,0.2000,0.8179
124.0000,0.2080,0.8147
124.0000,0.2160,0.8117
124.0000,0.2240,0.8088
124.0000,0.2320,0.8061
124.0000,0.2400,0.8036
124.0000,0.2480,0.8011
124.0000,0.2560,0.7988
124.0000,0.2640,0.7966
124.0000,0.2720,0.7945
124.0000,0.2800,0.7925
124.0000,0.2880,0.7906
124.0000,0.2960,0.7887
124.0000,0.3040,0.7870
124.0000,0.3120,0.7853
124.0000,0.3200,0.7837
124.0000,0.3280,0.7822
124.0000,0.3360,0.7808
124.0000,0.3440,0.7794
124.0000,0.3520,0.7780
124.0000,0.3600,0.7767
124.0000,0.3680,0.7755
124.0000,0.3760,0.7743
124.0000,0.3840,0.7732
124.0000,0.3920,0.7721
124.0000,0.4000,0.7710
124.0000,0.4080,0.7700
124.0000,0.4160,0.7690
124.0000,0.4240,0.7681
124.0000,0.4320,0.7672
124.0000,0.4400,0.7663
124.0000,0.4480,0.7655
124.0000,0.4560,0.7647
124.0000,0.4640,0.7639
124.0000,0.4720,0.7632
124.0000,0.4800,0.7625
124.0000,0.4880,0.7618
124.0000,0.4960,0.7611
124.0000,0.5040,0.7605
124.0000,0.5120,0.7598
124.0000,0.5200,0.7592
124.0000,0.5280,0.7587
124.0000,0.5360,0.7581
124.0000,0.5440,0.7576
124.0000,0.5520,0.7571
124.0000,0.5600,0.7566
124.0000,0.5680,0.7561
124.0000,0.5760,0.7556
124.0000,0.5840,0.7552
124.0000,0.6000,0.7543
126.0000,0.2000,0.8437
126.0000,0.2080,0.8403
126.0000,0.2160,0.8371
126.0000,0.2240,0.8340
126.0000,0.2320,0.8311
126.0000,0.2400,0.8284
126.0000,0.2480,0.8257
126.0000,0.2560,0.8232
126.0000,0.2640,0.8208
126.0000,0.2720,0.8185
126.0000,0.2800,0.8163
126.0000,0.2880,0.8142
126.0000,0.2960,0.8122
126.0000,0.3040,0.8103
126.0000,0.3120,0.8084
126.0000,0.3200,0.8067
126.0000,0.3280,0.8050
126.0000,0.3360,0.8033
126.0000,0.3440,0.8018
126.0000,0.3520,0.8003
126.0000,0.3600,0.7988
126.0000,0.3680,0.7974
126.0000,0.3760,0.7961
126.0000,0.3840,0.7948
126.0000,0.3920,0.7935
126.0000,0.4000,0.7923
126.0000,0.4080,0.7912
126.0000,0.4160,0.7900
126.0000,0.4240,0.7890
126.0000,0.4320,0.7879
126.0000,0.4400,0.7869
126.0000,0.4480,0.7859
126.0000,0.4560,0.7850
126.0000,0.4640,0.7841
126.0000,0.4720,0.7832
126.0000,0.4800,0.7824
126.0000,0.4880,0.7816
126.0000,0.4960,0.7808
126.0000,0.5040,0.7800
126.0000,0.5120,0.7793
126.0000,0.5200,0.7785
126.0000,0.5280,0.7778
126.0000,0.5360,0.7772
126.0000,0.5440,0.7765
126.0000,0.5520,0.7759
126.0000,0.5600,0.7753
126.0000,0.5680,0.7747
126.0000,0.5760,0.7741
126.0000,0.5840,0.7736
126.0000,0.6000,0.7725
128.0000,0.2000,0.8666
128.0000,0.2080,0.8631
128.0000,0.2160,0.8598
128.0000,0.2240,0.8566
128.0000,0.2320,0.8536
128.0000,0.2400,0.8507
128.0000,0.2480,0.8480
128.0000,0.2560,0.8453
128.0000,0.2640,0.8428
128.0000,0.2720,0.8404
128.0000,0.2800,0.8381
128.0000,0.2880,0.8358
128.0000,0.2960,0.8337
128.0000,0.3040,0.8316
128.0000,0.3120,0.8296
128.0000,0.3200,0.8277
128.0000,0.3280,0.8259
128.0000,0.3360,0.8241
128.0000,0.3440,0.8224
128.0000,0.3520,0.8208
128.0000,0.3600,0.8192
128.0000,0.3680,0.8177
128.0000,0.3760,0.8162
128.0000,0.3840,0.8148
128.0000,0.3920,0.8134
128.0000,0.4000,0.8121
128.0000,0.4080,0.8108
128.0000,0.4160,0.8096
128.0000,0.4240,0.8084
128.0000,0.4320,0.8072
128.0000,0.4400,0.8061
128.0000,0.4480,0.8050
128.0000,0.4560,0.8040
128.0000,0.4640,0.8029
128.0000,0.4720,0.8020
128.0000,0.4800,0.8010
128.0000,0.4880,0.8001
128.0000,0.4960,0.7992
128.0000,0.5040,0.7983
128.0000,0.5120,0.7975
128.0000,0.5200,0.7966
128.0000,0.5280,0.7958
128.0000,0.5360,0.7951
128.0000,0.5440,0.7943
128.0000,0.5520,0.7936
128.0000,0.5600,0.7929
128.0000,0.5680,0.7922
128.0000,0.5760,0.7915
128.0000,0.5840,0.7909
128.0000,0.6000,0.7897
130.0000,0.2000,0.8867
130.0000,0.2080,0.8833
130.0000,0.2160,0.8799
130.0000,0.2240,0.8768
130.0000,0.2320,0.8737
130.0000,0.2400,0.8708
130.0000,0.2480,0.8679
130.0000,0.2560,0.8652
130.0000,0.2640,0.8626
130.0000,0.2720,0.8601
130.0000,0.2800,0.8577
130.0000,0.2880,0.8554
130.0000,0.2960,0.8532
130.0000,0.3040,0.8510
130.0000,0.3120,0.8490
130.0000,0.3200,0.8470
130.0000,0.3280,0.8451
130.0000,0.3360,0.8432
130.0000,0.3440,0.8414
130.0000,0.3520,0.8397
130.0000,0.3600,0.8380
130.0000,0.3680,0.8364
130.0000,0.3760,0.8348
130.0000,0.3840,0.8333
130.0000,0.3920,0.8318
130.0000,0.4000,0.8304
130.0000,0.4080,0.8290
130.0000,0.4160,0.8277
130.0000,0.4240,0.8264
130.0000,0.4320,0.8251
130.0000,0.4400,0.8239
130.0000,0.4480,0.8227
130.0000,0.4560,0.8216
130.0000,0.4640,0.8205
130.0000,0.4720,0.8194
130.0000,0.4800,0.8184
130.0000,0.4880,0.8173
130.0000,0.4960,0.8164
130.0000,0.5040,0.8154
130.0000,0.5120,0.8145
130.0000,0.5200,0.8136
130.0000,0.5280,0.8127
130.0000,0.5360,0.8118
130.0000,0.5440,0.8110
130.0000,0.5520,0.8102
130.0000,0.5600,0.8094
130.0000,0.5680,0.8086
130.0000,0.5760,0.8079
130.0000,0.5840,0.8072
130.0000,0.6000,0.8058
132.0000,0.2000,0.9044
132.0000,0.2080,0.9010
132.0000,0.2160,0.8977
132.0000,0.2240,0.8945
132.0000,0.2320,0.8915
132.0000,0.2400,0.8886
132.0000,0.2480,0.8858
132.0000,0.2560,0.8831
132.0000,0.2640,0.8804
132.0000,0.2720,0.8779
132.0000,0.2800,0.8755
132.0000,0.2880,0.8731
132.0000,0.2960,0.8708
132.0000,0.3040,0.8687
132.0000,0.3120,0.8665
132.0000,0.3200,0.8645
132.0000,0.3280,0.8625
132.0000,0.3360,0.8606
132.0000,0.3440,0.8587
132.0000,0.3520,0.8569
132.0000,0.3600,0.8552
132.0000,0.3680,0.8535
132.0000,0.3760,0.8519
132.0000,0.3840,0.8503
132.0000,0.3920,0.8487
132.0000,0.4000,0.8472
132.0000,0.4080,0.8458
132.0000,0.4160,0.8444
132.0000,0.4240,0.8430
132.0000,0.4320,0.8417
132.0000,0.4400,0.8404
132.0000,0.4480,0.8392
132.0000,0.4560,0.8379
132.0000,0.4640,0.8368
132.0000,0.4720,0.8356
132.0000,0.4800,0.8345
132.0000,0.4880,0.8334
132.0000,0.4960,0.8324
132.0000,0.5040,0.8313
132.0000,0.5120,0.8303
132.0000,0.5200,0.8293
132.0000,0.5280,0.8284
132.0000,0.5360,0.8275
132.0000,0.5440,0.8266
132.0000,0.5520,0.8257
132.0000,0.5600,0.8248
132.0000,0.5680,0.8240
132.0000,0.5760,0.8232
132.0000,0.5840,0.8224
132.0000,0.6000,0.8209
134.0000,0.2000,0.9197
134.0000,0.2080,0.9164
134.0000,0.2160,0.9132
134.0000,0.2240,0.9102
134.0000,0.2320,0.9072
134.0000,0.2400,0.9043
134.0000,0.2480,0.9016
134.0000,0.2560,0.8989
134.0000,0.2640,0.8963
134.0000,0.2720,0.8938
134.0000,0.2800,0.8914
134.0000,0.2880,0.8890
134.0000,0.2960,0.8867
134.0000,0.3040,0.8845
134.0000,0.3120,0.8824
134.0000,0.3200,0.8803
134.0000,0.3280,0.8783
134.0000,0.3360,0.8764
134.0000,0.3440,0.8745
134.0000,0.3520,0.8727
134.0000,0.3600,0.8709
134.0000,0.3680,0.8691
134.0000,0.3760,0.8675
134.0000,0.3840,0.8658
134.0000,0.3920,0.8643
134.0000,0.4000,0.8627
134.0000,0.4080,0.8612
134.0000,0.4160,0.8598
134.0000,0.4240,0.8584
134.0000,0.4320,0.8570
134.0000,0.4400,0.8556
134.0000,0.4480,0.8543
134.0000,0.4560,0.8531
134.0000,0.4640,0.8518
134.0000,0.4720,0.8506
134.0000,0.4800,0.8495
134.0000,0.4880,0.8483
134.0000,0.4960,0.8472
134.0000,0.5040,0.8461
134.0000,0.5120,0.8451
134.0000,0.5200,0.8440
134.0000,0.5280,0.8430
134.0000,0.5360,0.8420
134.0000,0.5440,0.8411
134.0000,0.5520,0.8402
134.0000,0.5600,0.8393
134.0000,0.5680,0.8384
134.0000,0.5760,0.8375
134.0000,0.5840,0.8366
134.0000,0.6000,0.8350
136.0000,0.2000,0.9329
136.0000,0.2080,0.9298
136.0000,0.2160,0.9268
136.0000,0.2240,0.9238
136.0000,0.2320,0.9210
136.0000,0.2400,0.9182
136.0000,0.2480,0.9155
136.0000,0.2560,0.9129
136.0000,0.2640,0.9104
136.0000,0.2720,0.9079
136.0000,0.2800,0.9055
136.0000,0.2880,0.9032
136.0000,0.2960,0.9010
136.0000,0.3040,0.8988
136.0000,0.3120,0.8967
136.0000,0.3200,0.8946
136.0000,0.3280,0.8926
136.0000,0.3360,0.8907
136.0000,0.3440,0.8888
136.0000,0.3520,0.8869
136.0000,0.3600,0.8851
136.0000,0.3680,0.8834
136.0000,0.3760,0.8817
136.0000,0.3840,0.8801
136.0000,0.3920,0.8784
136.0000,0.4000,0.8769
136.0000,0.4080,0.8754
136.0000,0.4160,0.8739
136.0000,0.4240,0.8724
136.0000,0.4320,0.8710
136.0000,0.4400,0.8697
136.0000,0.4480,0.8683
136.0000,0.4560,0.8670
136.0000,0.4640,0.8657
136.0000,0.4720,0.8645
136.0000,0.4800,0.8633
136.0000,0.4880,0.8621
136.0000,0.4960,0.8610
136.0000,0.5040,0.8598
136.0000,0.5120,0.8587
136.0000,0.5200,0.8577
136.0000,0.5280,0.8566
136.0000,0.5360,0.8556
136.0000,0.5440,0.8546
136.0000,0.5520,0.8536
136.0000,0.5600,0.8527
136.0000,0.5680,0.8517
136.0000,0.5760,0.8508
136.0000,0.5840,0.8499
136.0000,0.6000,0.8482
138.0000,0.2000,0.9442
138.0000,0.2080,0.9413
138.0000,0.2160,0.9384
138.0000,0.2240,0.9357
138.0000,0.2320,0.9330
138.0000,0.2400,0.9303
138.0000,0.2480,0.9278
138.0000,0.2560,0.9253
138.0000,0.2640,0.9228
138.0000,0.2720,0.9205
138.0000,0.2800,0.9181
138.0000,0.2880,0.9159
138.0000,0.2960,0.9137
138.0000,0.3040,0.9116
138.0000,0.3120,0.9095
138.0000,0.3200,0.9074
138.0000,0.3280,0.9055
138.0000,0.3360,0.9035
138.0000,0.3440,0.9017
138.0000,0.3520,0.8998
138.0000,0.3600,0.8981
138.0000,0.3680,0.8963
138.0000,0.3760,0.8946
138.0000,0.3840,0.8930
138.0000,0.3920,0.8914
138.0000,0.4000,0.8898
138.0000,0.4080,0.8883
138.0000,0.4160,0.8868
138.0000,0.4240,0.8853
138.0000,0.4320,0.8839
138.0000,0.4400,0.8825
138.0000,0.4480,0.8812
138.0000,0.4560,0.8798
138.0000,0.4640,0.8785
138.0000,0.4720,0.8773
138.0000,0.4800,0.8760
138.0000,0.4880,0.8748
138.0000,0.4960,0.8737
138.0000,0.5040,0.8725
138.0000,0.5120,0.8714
138.0000,0.5200,0.8703
138.0000,0.5280,0.8692
138.0000,0.5360,0.8682
138.0000,0.5440,0.8671
138.0000,0.5520,0.8661
138.0000,0.5600,0.8651
138.0000,0.5680,0.8642
138.0000,0.5760,0.8632
138.0000,0.5840,0.8623
138.0000,0.6000,0.8605
140.0000,0.2000,0.9538
140.0000,0.2080,0.9511
140.0000,0.2160,0.9485
140.0000,0.2240,0.9459
140.0000,0.2320,0.9434
140.0000,0.2400,0.9409
140.0000,0.2480,0.9385
140.0000,0.2560,0.9361
140.0000,0.2640,0.9338
140.0000,0.2720,0.9315
140.0000,0.2800,0.9293
140.0000,0.2880,0.9271
140.0000,0.2960,0.9250
140.0000,0.3040,0.9229
140.0000,0.3120,0.9209
140.0000,0.3200,0.9189
140.0000,0.3280,0.9170
140.0000,0.3360,0.9151
140.0000,0.3440,0.9133
140.0000,0.3520,0.9115
140.0000,0.3600,0.9097
140.0000,0.3680,0.9080
140.0000,0.3760,0.9063
140.0000,0.3840,0.9047
140.0000,0.3920,0.9031
140.0000,0.4000,0.9016
140.0000,0.4080,0.9000
140.0000,0.4160,0.8985
140.0000,0.4240,0.8971
140.0000,0.4320,0.8957
140.0000,0.4400,0.8943
140.0000,0.4480,0.8929
140.0000,0.4560,0.8916
140.0000,0.4640,0.8903
140.0000,0.4720,0.8890
140.0000,0.4800,0.8878
140.0000,0.4880,0.8866
140.0000,0.4960,0.8854
140.0000,0.5040,0.8842
140.0000,0.5120,0.8831
140.0000,0.5200,0.8819
140.0000,0.5280,0.8808
140.0000,0.5360,0.8798
140.0000,0.5440,0.8787
140.0000,0.5520,0.8777
140.0000,0.5600,0.8767
140.0000,0.5680,0.8757
140.0000,0.5760,0.8747
140.0000,0.5840,0.8738
140.0000,0.6000,0.8720
142.0000,0.2000,0.9619
142.0000,0.2080,0.9595
142.0000,0.2160,0.9571
142.0000,0.2240,0.9547
142.0000,0.2320,0.9523
142.0000,0.2400,0.9500
142.0000,0.2480,0.9477
142.0000,0.2560,0.9455
142.0000,0.2640,0.9433
142.0000,0.2720,0.9412
142.0000,0.2800,0.9391
142.0000,0.2880,0.9370
142.0000,0.2960,0.9350
142.0000,0.3040,0.9330
142.0000,0.3120,0.9311
142.0000,0.3200,0.9292
142.0000,0.3280,0.9273
142.0000,0.3360,0.9255
142.0000,0.3440,0.9237
142.0000,0.3520,0.9219
142.0000,0.3600,0.9202
142.0000,0.3680,0.9186
142.0000,0.3760,0.9169
142.0000,0.3840,0.9153
142.0000,0.3920,0.9138
142.0000,0.4000,0.9122
142.0000,0.4080,0.9107
142.0000,0.4160,0.9092
142.0000,0.4240,0.9078
142.0000,0.4320,0.9064
142.0000,0.4400,0.9050
142.0000,0.4480,0.9037
142.0000,0.4560,0.9023
142.0000,0.4640,0.9010
142.0000,0.4720,0.8998
142.0000,0.4800,0.8985
142.0000,0.4880,0.8973
142.0000,0.4960,0.8961
142.0000,0.5040,0.8950
142.0000,0.5120,0.8938
142.0000,0.5200,0.8927
142.0000,0.5280,0.8916
142.0000,0.5360,0.8905
142.0000,0.5440,0.8894
142.0000,0.5520,0.8884
142.0000,0.5600,0.8874
142.0000,0.5680,0.8864
142.0000,0.5760,0.8854
142.0000,0.5840,0.8845
142.0000,0.6000,0.8826
144.0000,0.2000,0.9688
144.0000,0.2080,0.9665
144.0000,0.2160,0.9643
144.0000,0.2240,0.9622
144.0000,0.2320,0.9600
144.0000,0.2400,0.9579
144.0000,0.2480,0.9558
144.0000,0.2560,0.9537
144.0000,0.2640,0.9516
144.0000,0.2720,0.9496
144.0000,0.2800,0.9476
144.0000,0.2880,0.9457
144.0000,0.2960,0.9438
144.0000,0.3040,0.9419
144.0000,0.3120,0.9401
144.0000,0.3200,0.9382
144.0000,0.3280,0.9365
144.0000,0.3360,0.9347
144.0000,0.3440,0.9330
144.0000,0.3520,0.9313
144.0000,0.3600,0.9297
144.0000,0.3680,0.9280
144.0000,0.3760,0.9265
144.0000,0.3840,0.9249
144.0000,0.3920,0.9234
144.0000,0.4000,0.9219
144.0000,0.4080,0.9204
144.0000,0.4160,0.9190
144.0000,0.4240,0.9175
144.0000,0.4320,0.9162
144.0000,0.4400,0.9148
144.0000,0.4480,0.9135
144.0000,0.4560,0.9122
144.0000,0.4640,0.9109
144.0000,0.4720,0.9096
144.0000,0.4800,0.9084
144.0000,0.4880,0.9072
144.0000,0.4960,0.9060
144.0000,0.5040,0.9048
144.0000,0.5120,0.9037
144.0000,0.5200,0.9026
144.0000,0.5280,0.9015
144.0000,0.5360,0.9004
144.0000,0.5440,0.8993
144.0000,0.5520,0.8983
144.0000,0.5600,0.8973
144.0000,0.5680,0.8963
144.0000,0.5760,0.8953
144.0000,0.5840,0.8943
144.0000,0.6000,0.8924
146.0000,0.2000,0.9745
146.0000,0.2080,0.9725
146.0000,0.2160,0.9705
146.0000,0.2240,0.9685
146.0000,0.2320,0.9666
146.0000,0.2400,0.9646
146.0000,0.2480,0.9627
146.0000,0.2560,0.9608
146.0000,0.2640,0.9589
146.0000,0.2720,0.9570
146.0000,0.2800,0.9551
146.0000,0.2880,0.9533
146.0000,0.2960,0.9515
146.0000,0.3040,0.9497
146.0000,0.3120,0.9480
146.0000,0.3200,0.9463
146.0000,0.3280,0.9446
146.0000,0.3360,0.9429
146.0000,0.3440,0.9413
146.0000,0.3520,0.9397
146.0000,0.3600,0.9381
146.0000,0.3680,0.9365
146.0000,0.3760,0.9350
146.0000,0.3840,0.9335
146.0000,0.3920,0.9320
146.0000,0.4000,0.9306
146.0000,0.4080,0.9291
146.0000,0.4160,0.9277
146.0000,0.4240,0.9264
146.0000,0.4320,0.9250
146.0000,0.4400,0.9237
146.0000,0.4480,0.9224
146.0000,0.4560,0.9211
146.0000,0.4640,0.9199
146.0000,0.4720,0.9186
146.0000,0.4800,0.9174
146.0000,0.4880,0.9162
146.0000,0.4960,0.9150
146.0000,0.5040,0.9139
146.0000,0.5120,0.9128
146.0000,0.5200,0.9117
146.0000,0.5280,0.9106
146.0000,0.5360,0.9095
146.0000,0.5440,0.9084
146.0000,0.5520,0.9074
146.0000,0.5600,0.9064
146.0000,0.5680,0.9054
146.0000,0.5760,0.9044
146.0000,0.5840,0.9034
146.0000,0.6000,0.9016
148.0000,0.2000,0.9792
148.0000,0.2080,0.9775
148.0000,0.2160,0.9757
148.0000,0.2240,0.9739
148.0000,0.2320,0.9721
148.0000,0.2400,0.9704
148.0000,0.2480,0.9686
148.0000,0.2560,0.9669
148.0000,0.2640,0.9651
148.0000,0.2720,0.9634
148.0000,0.2800,0.9617
148.0000,0.2880,0.9600
148.0000,0.2960,0.9583
148.0000,0.3040,0.9566
148.0000,0.3120,0.9550
148.0000,0.3200,0.9534
148.0000,0.3280,0.9518
148.0000,0.3360,0.9502
148.0000,0.3440,0.9487
148.0000,0.3520,0.9471
148.0000,0.3600,0.9456
148.0000,0.3680,0.9441
148.0000,0.3760,0.9427
148.0000,0.3840,0.9412
148.0000,0.3920,0.9398
148.0000,0.4000,0.9384
148.0000,0.4080,0.9370
148.0000,0.4160,0.9357
148.0000,0.4240,0.9343
148.0000,0.4320,0.9330
148.0000,0.4400,0.9318
148.0000,0.4480,0.9305
148.0000,0.4560,0.9292
148.0000,0.4640,0.9280
148.0000,0.4720,0.9268
148.0000,0.4800,0.9256
148.0000,0.4880,0.9245
148.0000,0.4960,0.9233
148.0000,0.5040,0.9222
148.0000,0.5120,0.9211
148.0000,0.5200,0.9200
148.0000,0.5280,0.9189
148.0000,0.5360,0.9178
148.0000,0.5440,0.9168
148.0000,0.5520,0.9158
148.0000,0.5600,0.9148
148.0000,0.5680,0.9138
148.0000,0.5760,0.9128
148.0000,0.5840,0.9119
148.0000,0.6000,0.9100
150.0000,0.2000,0.9832
150.0000,0.2080,0.9816
150.0000,0.2160,0.9800
150.0000,0.2240,0.9785
150.0000,0.2320,0.9769
150.0000,0.2400,0.9753
150.0000,0.2480,0.9737
150.0000,0.2560,0.9721
150.0000,0.2640,0.9705
150.0000,0.2720,0.9689
150.0000,0.2800,0.9673
150.0000,0.2880,0.9658
150.0000,0.2960,0.9642
150.0000,0.3040,0.9627
150.0000,0.3120,0.9611
150.0000,0.3200,0.9596
150.0000,0.3280,0.9581
150.0000,0.3360,0.9566
150.0000,0.3440,0.9552
150.0000,0.3520,0.9537
150.0000,0.3600,0.9523
150.0000,0.3680,0.9509
150.0000,0.3760,0.9495
150.0000,0.3840,0.9481
150.0000,0.3920,0.9468
150.0000,0.4000,0.9454
150.0000,0.4080,0.9441
150.0000,0.4160,0.9428
150.0000,0.4240,0.9415
150.0000,0.4320,0.9403
150.0000,0.4400,0.9390
150.0000,0.4480,0.9378
150.0000,0.4560,0.9366
150.0000,0.4640,0.9354
150.0000,0.4720,0.9343
150.0000,0.4800,0.9331
150.0000,0.4880,0.9320
150.0000,0.4960,0.9308
150.0000,0.5040,0.9297
150.0000,0.5120,0.9287
150.0000,0.5200,0.9276
150.0000,0.5280,0.9265
150.0000,0.5360,0.9255
150.0000,0.5440,0.9245
150.0000,0.5520,0.9235
150.0000,0.5600,0.9225
150.0000,0.5680,0.9215
150.0000,0.5760,0.9206
150.0000,0.5840,0.9196
150.0000,0.6000,0.9178
