asset_price,exercise_time,price
50.0000,0.2000,0.0000
50.0000,0.2080,0.0000
50.0000,0.2160,0.0000
50.0000,0.2240,0.0000
50.0000,0.2320,0.0000
50.0000,0.2400,0.0000
50.0000,0.2480,0.0000
50.0000,0.2560,0.0000
50.0000,0.2640,0.0000
50.0000,0.2720,0.0000
50.0000,0.2800,0.0000
50.0000,0.2880,0.0001
50.0000,0.2960,0.0001
50.0000,0.3040,0.0001
50.0000,0.3120,0.0001
50.0000,0.3200,0.0002
50.0000,0.3280,0.0002
50.0000,0.3360,0.0002
50.0000,0.3440,0.0003
50.0000,0.3520,0.0004
50.0000,0.3600,0.0005
50.0000,0.3680,0.0005
50.0000,0.3760,0.0006
50.0000,0.3840,0.0008
50.0000,0.3920,0.0009
50.0000,0.4000,0.0011
50.0000,0.4080,0.0012
50.0000,0.4160,0.0014
50.0000,0.4240,0.0016
50.0000,0.4320,0.0019
50.0000,0.4400,0.0021
50.0000,0.4480,0.0024
50.0000,0.4560,0.0028
50.0000,0.4640,0.0031
50.0000,0.4720,0.0035
50.0000,0.4800,0.0039
50.0000,0.4880,0.0043
50.0000,0.4960,0.0048
50.0000,0.5040,0.0053
50.0000,0.5120,0.0059
50.0000,0.5200,0.0065
50.0000,0.5280,0.0072
50.0000,0.5360,0.0078
50.0000,0.5440,0.0086
50.0000,0.5520,0.0094
50.0000,0.5600,0.0102
50.0000,0.5680,0.0111
50.0000,0.5760,0.0120
50.0000,0.5840,0.0130
50.0000,0.6000,0.0151
52.0000,0.2000,0.0000
52.0000,0.2080,0.0000
52.0000,0.2160,0.0000
52.0000,0.2240,0.0000
52.0000,0.2320,0.0000
52.0000,0.2400,0.0000
52.0000,0.2480,0.0000
52.0000,0.2560,0.0000
52.0000,0.2640,0.0001
52.0000,0.2720,0.0001
52.0000,0.2800,0.0001
52.0000,0.2880,0.0001
52.0000,0.2960,0.0002
52.0000,0.3040,0.0002
52.0000,0.3120,0.0003
52.0000,0.3200,0.0004
52.0000,0.3280,0.0005
52.0000,0.3360,0.0006
52.0000,0.3440,0.0007
52.0000,0.3520,0.0008
52.0000,0.3600,0.0010
52.0000,0.3680,0.0012
52.0000,0.3760,0.0014
52.0000,0.3840,0.0016
52.0000,0.3920,0.0019
52.0000,0.4000,0.0021
52.0000,0.4080,0.0025
52.0000,0.4160,0.0028
52.0000,0.4240,0.0032
52.0000,0.4320,0.0036
52.0000,0.4400,0.0041
52.0000,0.4480,0.0046
52.0000,0.4560,0.0052
52.0000,0.4640,0.0058
52.0000,0.4720,0.0064
52.0000,0.4800,0.0071
52.0000,0.4880,0.0079
52.0000,0.4960,0.0087
52.0000,0.5040,0.0095
52.0000,0.5120,0.0104
52.0000,0.5200,0.0114
52.0000,0.5280,0.0124
52.0000,0.5360,0.0135
52.0000,0.5440,0.0147
52.0000,0.5520,0.0159
52.0000,0.5600,0.0172
52.0000,0.5680,0.0186
52.0000,0.5760,0.0200
52.0000,0.5840,0.0215
52.0000,0.6000,0.0248
54.0000,0.2000,0.0000
54.0000,0.2080,0.0000
54.0000,0.2160,0.0000
54.0000,0.2240,0.0000
54.0000,0.2320,0.0000
54.0000,0.2400,0.0001
54.0000,0.2480,0.0001
54.0000,0.2560,0.0001
54.0000,0.2640,0.0002
54.0000,0.2720,0.0002
54.0000,0.2800,0.0003
54.0000,0.2880,0.0004
54.0000,0.2960,0.0004
54.0000,0.3040,0.0006
54.0000,0.3120,0.0007
54.0000,0.3200,0.0008
54.0000,0.3280,0.0010
54.0000,0.3360,0.0012
54.0000,0.3440,0.0014
54.0000,0.3520,0.0017
54.0000,0.3600,0.0020
54.0000,0.3680,0.0023
54.0000,0.3760,0.0027
54.0000,0.3840,0.0031
54.0000,0.3920,0.0036
54.0000,0.4000,0.0041
54.0000,0.4080,0.0047
54.0000,0.4160,0.0053
54.0000,0.4240,0.0060
54.0000,0.4320,0.0067
54.0000,0.4400,0.0075
54.0000,0.4480,0.0083
54.0000,0.4560,0.0092
54.0000,0.4640,0.0102
54.0000,0.4720,0.0113
54.0000,0.4800,0.0124
54.0000,0.4880,0.0136
54.0000,0.4960,0.0149
54.0000,0.5040,0.0162
54.0000,0.5120,0.0177
54.0000,0.5200,0.0192
54.0000,0.5280,0.0208
54.0000,0.5360,0.0225
54.0000,0.5440,0.0242
54.0000,0.5520,0.0261
54.0000,0.5600,0.0281
54.0000,0.5680,0.0301
54.0000,0.5760,0.0322
54.0000,0.5840,0.0345
54.0000,0.6000,0.0392
56.0000,0.2000,0.0000
56.0000,0.2080,0.0000
56.0000,0.2160,0.0001
56.0000,0.2240,0.0001
56.0000,0.2320,0.0001
56.0000,0.2400,0.0002
56.0000,0.2480,0.0002
56.0000,0.2560,0.0003
56.0000,0.2640,0.0004
56.0000,0.2720,0.0005
56.0000,0.2800,0.0006
56.0000,0.2880,0.0008
56.0000,0.2960,0.0010
56.0000,0.3040,0.0012
56.0000,0.3120,0.0015
56.0000,0.3200,0.0017
56.0000,0.3280,0.0021
56.0000,0.3360,0.0025
56.0000,0.3440,0.0029
56.0000,0.3520,0.0034
56.0000,0.3600,0.0039
56.0000,0.3680,0.0045
56.0000,0.3760,0.0052
56.0000,0.3840,0.0059
56.0000,0.3920,0.0067
56.0000,0.4000,0.0075
56.0000,0.4080,0.0085
56.0000,0.4160,0.0095
56.0000,0.4240,0.0106
56.0000,0.4320,0.0118
56.0000,0.4400,0.0130
56.0000,0.4480,0.0144
56.0000,0.4560,0.0159
56.0000,0.4640,0.0174
56.0000,0.4720,0.0190
56.0000,0.4800,0.0208
56.0000,0.4880,0.0226
56.0000,0.4960,0.0246
56.0000,0.5040,0.0266
56.0000,0.5120,0.0288
56.0000,0.5200,0.0311
56.0000,0.5280,0.0335
56.0000,0.5360,0.0360
56.0000,0.5440,0.0386
56.0000,0.5520,0.0413
56.0000,0.5600,0.0441
56.0000,0.5680,0.0471
56.0000,0.5760,0.0502
56.0000,0.5840,0.0534
56.0000,0.6000,0.0602
58.0000,0.2000,0.0001
58.0000,0.2080,0.0001
58.0000,0.2160,0.0002
58.0000,0.2240,0.0002
58.0000,0.2320,0.0003
58.0000,0.2400,0.0004
58.0000,0.2480,0.0005
58.0000,0.2560,0.0007
58.0000,0.2640,0.0009
58.0000,0.2720,0.0011
58.0000,0.2800,0.0014
58.0000,0.2880,0.0017
58.0000,0.2960,0.0020
58.0000,0.3040,0.0025
58.0000,0.3120,0.0029
58.0000,0.3200,0.0035
58.0000,0.3280,0.0041
58.0000,0.3360,0.0047
58.0000,0.3440,0.0055
58.0000,0.3520,0.0063
58.0000,0.3600,0.0072
58.0000,0.3680,0.0082
58.0000,0.3760,0.0093
58.0000,0.3840,0.0105
58.0000,0.3920,0.0118
58.0000,0.4000,0.0132
58.0000,0.4080,0.0147
58.0000,0.4160,0.0163
58.0000,0.4240,0.0181
58.0000,0.4320,0.0199
58.0000,0.4400,0.0219
58.0000,0.4480,0.0240
58.0000,0.4560,0.0262
58.0000,0.4640,0.0285
58.0000,0.4720,0.0310
58.0000,0.4800,0.0336
58.0000,0.4880,0.0363
58.0000,0.4960,0.0392
58.0000,0.5040,0.0422
58.0000,0.5120,0.0454
58.0000,0.5200,0.0487
58.0000,0.5280,0.0521
58.0000,0.5360,0.0557
58.0000,0.5440,0.0594
58.0000,0.5520,0.0633
58.0000,0.5600,0.0673
58.0000,0.5680,0.0715
58.0000,0.5760,0.0758
58.0000,0.5840,0.0803
58.0000,0.6000,0.0896
60.0000,0.2000,0.0002
60.0000,0.2080,0.0003
60.0000,0.2160,0.0004
60.0000,0.2240,0.0005
60.0000,0.2320,0.0007
60.0000,0.2400,0.0009
60.0000,0.2480,0.0012
60.0000,0.2560,0.0015
60.0000,0.2640,0.0019
60.0000,0.2720,0.0023
60.0000,0.2800,0.0028
60.0000,0.2880,0.0034
60.0000,0.2960,0.0040
60.0000,0.3040,0.0047
60.0000,0.3120,0.0056
60.0000,0.3200,0.0065
60.0000,0.3280,0.0075
60.0000,0.3360,0.0087
60.0000,0.3440,0.0099
60.0000,0.3520,0.0113
60.0000,0.3600,0.0128
60.0000,0.3680,0.0144
60.0000,0.3760,0.0162
60.0000,0.3840,0.0180
60.0000,0.3920,0.0201
60.0000,0.4000,0.0222
60.0000,0.4080,0.0246
60.0000,0.4160,0.0270
60.0000,0.4240,0.0297
60.0000,0.4320,0.0324
60.0000,0.4400,0.0354
60.0000,0.4480,0.0385
60.0000,0.4560,0.0417
60.0000,0.4640,0.0452
60.0000,0.4720,0.0488
60.0000,0.4800,0.0525
60.0000,0.4880,0.0565
60.0000,0.4960,0.0606
60.0000,0.5040,0.0648
60.0000,0.5120,0.0693
60.0000,0.5200,0.0739
60.0000,0.5280,0.0787
60.0000,0.5360,0.0837
60.0000,0.5440,0.0889
60.0000,0.5520,0.0942
60.0000,0.5600,0.0997
60.0000,0.5680,0.1054
60.0000,0.5760,0.1113
60.0000,0.5840,0.1173
60.0000,0.6000,0.1299
62.0000,0.2000,0.0005
62.0000,0.2080,0.0007
62.0000,0.2160,0.0009
62.0000,0.2240,0.0012
62.0000,0.2320,0.0016
62.0000,0.2400,0.0020
62.0000,0.2480,0.0025
62.0000,0.2560,0.0030
62.0000,0.2640,0.0037
62.0000,0.2720,0.0045
62.0000,0.2800,0.0054
62.0000,0.2880,0.0064
62.0000,0.2960,0.0075
62.0000,0.3040,0.0088
62.0000,0.3120,0.0102
62.0000,0.3200,0.0117
62.0000,0.3280,0.0134
62.0000,0.3360,0.0152
62.0000,0.3440,0.0172
62.0000,0.3520,0.0194
62.0000,0.3600,0.0217
62.0000,0.3680,0.0242
62.0000,0.3760,0.0269
62.0000,0.3840,0.0298
62.0000,0.3920,0.0329
62.0000,0.4000,0.0361
62.0000,0.4080,0.0396
62.0000,0.4160,0.0432
62.0000,0.4240,0.0470
62.0000,0.4320,0.0511
62.0000,0.4400,0.0553
62.0000,0.4480,0.0598
62.0000,0.4560,0.0644
62.0000,0.4640,0.0693
62.0000,0.4720,0.0744
62.0000,0.4800,0.0796
62.0000,0.4880,0.0851
62.0000,0.4960,0.0908
62.0000,0.5040,0.0967
62.0000,0.5120,0.1028
62.0000,0.5200,0.1092
62.0000,0.5280,0.1157
62.0000,0.5360,0.1225
62.0000,0.5440,0.1294
62.0000,0.5520,0.1366
62.0000,0.5600,0.1439
62.0000,0.5680,0.1515
62.0000,0.5760,0.1593
62.0000,0.5840,0.1673
62.0000,0.6000,0.1839
64.0000,0.2000,0.0011
64.0000,0.2080,0.0015
64.0000,0.2160,0.0020
64.0000,0.2240,0.0025
64.0000,0.2320,0.0032
64.0000,0.2400,0.0040
64.0000,0.2480,0.0049
64.0000,0.2560,0.0059
64.0000,0.2640,0.0071
64.0000,0.2720,0.0084
64.0000,0.2800,0.0099
64.0000,0.2880,0.0116
64.0000,0.2960,0.0134
64.0000,0.3040,0.0155
64.0000,0.3120,0.0177
64.0000,0.3200,0.0202
64.0000,0.3280,0.0228
64.0000,0.3360,0.0257
64.0000,0.3440,0.0287
64.0000,0.3520,0.0320
64.0000,0.3600,0.0356
64.0000,0.3680,0.0393
64.0000,0.3760,0.0433
64.0000,0.3840,0.0475
64.0000,0.3920,0.0520
64.0000,0.4000,0.0567
64.0000,0.4080,0.0617
64.0000,0.4160,0.0669
64.0000,0.4240,0.0723
64.0000,0.4320,0.0780
64.0000,0.4400,0.0840
64.0000,0.4480,0.0902
64.0000,0.4560,0.0966
64.0000,0.4640,0.1033
64.0000,0.4720,0.1103
64.0000,0.4800,0.1175
64.0000,0.4880,0.1249
64.0000,0.4960,0.1326
64.0000,0.5040,0.1405
64.0000,0.5120,0.1487
64.0000,0.5200,0.1571
64.0000,0.5280,0.1658
64.0000,0.5360,0.1747
64.0000,0.5440,0.1838
64.0000,0.5520,0.1932
64.0000,0.5600,0.2028
64.0000,0.5680,0.2127
64.0000,0.5760,0.2227
64.0000,0.5840,0.2331
64.0000,0.6000,0.2544
66.0000,0.2000,0.0025
66.0000,0.2080,0.0032
66.0000,0.2160,0.0040
66.0000,0.2240,0.0051
66.0000,0.2320,0.0062
66.0000,0.2400,0.0076
66.0000,0.2480,0.0092
66.0000,0.2560,0.0109
66.0000,0.2640,0.0129
66.0000,0.2720,0.0151
66.0000,0.2800,0.0175
66.0000,0.2880,0.0202
66.0000,0.2960,0.0231
66.0000,0.3040,0.0263
66.0000,0.3120,0.0298
66.0000,0.3200,0.0335
66.0000,0.3280,0.0375
66.0000,0.3360,0.0418
66.0000,0.3440,0.0463
66.0000,0.3520,0.0512
66.0000,0.3600,0.0563
66.0000,0.3680,0.0617
66.0000,0.3760,0.0675
66.0000,0.3840,0.0735
66.0000,0.3920,0.0798
66.0000,0.4000,0.0864
66.0000,0.4080,0.0933
66.0000,0.4160,0.1006
66.0000,0.4240,0.1081
66.0000,0.4320,0.1159
66.0000,0.4400,0.1240
66.0000,0.4480,0.1324
66.0000,0.4560,0.1410
66.0000,0.4640,0.1500
66.0000,0.4720,0.1593
66.0000,0.4800,0.1688
66.0000,0.4880,0.1787
66.0000,0.4960,0.1888
66.0000,0.5040,0.1992
66.0000,0.5120,0.2099
66.0000,0.5200,0.2208
66.0000,0.5280,0.2320
66.0000,0.5360,0.2435
66.0000,0.5440,0.2553
66.0000,0.5520,0.2673
66.0000,0.5600,0.2796
66.0000,0.5680,0.2921
66.0000,0.5760,0.3049
66.0000,0.5840,0.3179
66.0000,0.6000,0.3447
68.0000,0.2000,0.0050
68.0000,0.2080,0.0063
68.0000,0.2160,0.0078
68.0000,0.2240,0.0096
68.0000,0.2320,0.0116
68.0000,0.2400,0.0139
68.0000,0.2480,0.0164
68.0000,0.2560,0.0193
68.0000,0.2640,0.0225
68.0000,0.2720,0.0259
68.0000,0.2800,0.0297
68.0000,0.2880,0.0338
68.0000,0.2960,0.0383
68.0000,0.3040,0.0431
68.0000,0.3120,0.0482
68.0000,0.3200,0.0537
68.0000,0.3280,0.0595
68.0000,0.3360,0.0657
68.0000,0.3440,0.0723
68.0000,0.3520,0.0792
68.0000,0.3600,0.0864
68.0000,0.3680,0.0940
68.0000,0.3760,0.1020
68.0000,0.3840,0.1103
68.0000,0.3920,0.1190
68.0000,0.4000,0.1280
68.0000,0.4080,0.1374
68.0000,0.4160,0.1472
68.0000,0.4240,0.1572
68.0000,0.4320,0.1676
68.0000,0.4400,0.1784
68.0000,0.4480,0.1895
68.0000,0.4560,0.2009
68.0000,0.4640,0.2126
68.0000,0.4720,0.2247
68.0000,0.4800,0.2371
68.0000,0.4880,0.2498
68.0000,0.4960,0.2628
68.0000,0.5040,0.2761
68.0000,0.5120,0.2898
68.0000,0.5200,0.3037
68.0000,0.5280,0.3179
68.0000,0.5360,0.3324
68.0000,0.5440,0.3472
68.0000,0.5520,0.3623
68.0000,0.5600,0.3776
68.0000,0.5680,0.3932
68.0000,0.5760,0.4091
68.0000,0.5840,0.4253
68.0000,0.6000,0.4584
70.0000,0.2000,0.0096
70.0000,0.2080,0.0118
70.0000,0.2160,0.0144
70.0000,0.2240,0.0173
70.0000,0.2320,0.0206
70.0000,0.2400,0.0243
70.0000,0.2480,0.0284
70.0000,0.2560,0.0328
70.0000,0.2640,0.0377
70.0000,0.2720,0.0429
70.0000,0.2800,0.0486
70.0000,0.2880,0.0547
70.0000,0.2960,0.0612
70.0000,0.3040,0.0682
70.0000,0.3120,0.0756
70.0000,0.3200,0.0834
70.0000,0.3280,0.0917
70.0000,0.3360,0.1003
70.0000,0.3440,0.1094
70.0000,0.3520,0.1190
70.0000,0.3600,0.1289
70.0000,0.3680,0.1393
70.0000,0.3760,0.1501
70.0000,0.3840,0.1613
70.0000,0.3920,0.1729
70.0000,0.4000,0.1849
70.0000,0.4080,0.1973
70.0000,0.4160,0.2101
70.0000,0.4240,0.2232
70.0000,0.4320,0.2368
70.0000,0.4400,0.2507
70.0000,0.4480,0.2650
70.0000,0.4560,0.2797
70.0000,0.4640,0.2947
70.0000,0.4720,0.3101
70.0000,0.4800,0.3258
70.0000,0.4880,0.3419
70.0000,0.4960,0.3583
70.0000,0.5040,0.3750
70.0000,0.5120,0.3920
70.0000,0.5200,0.4094
70.0000,0.5280,0.4270
70.0000,0.5360,0.4450
70.0000,0.5440,0.4633
70.0000,0.5520,0.4818
70.0000,0.5600,0.5007
70.0000,0.5680,0.5198
70.0000,0.5760,0.5392
70.0000,0.5840,0.5589
70.0000,0.6000,0.5990
72.0000,0.2000,0.0176
72.0000,0.2080,0.0213
72.0000,0.2160,0.0255
72.0000,0.2240,0.0301
72.0000,0.2320,0.0353
72.0000,0.2400,0.0409
72.0000,0.2480,0.0471
72.0000,0.2560,0.0537
72.0000,0.2640,0.0609
72.0000,0.2720,0.0686
72.0000,0.2800,0.0769
72.0000,0.2880,0.0856
72.0000,0.2960,0.0949
72.0000,0.3040,0.1047
72.0000,0.3120,0.1150
72.0000,0.3200,0.1258
72.0000,0.3280,0.1371
72.0000,0.3360,0.1489
72.0000,0.3440,0.1612
72.0000,0.3520,0.1740
72.0000,0.3600,0.1873
72.0000,0.3680,0.2011
72.0000,0.3760,0.2153
72.0000,0.3840,0.2300
72.0000,0.3920,0.2451
72.0000,0.4000,0.2607
72.0000,0.4080,0.2767
72.0000,0.4160,0.2931
72.0000,0.4240,0.3099
72.0000,0.4320,0.3272
72.0000,0.4400,0.3449
72.0000,0.4480,0.3629
72.0000,0.4560,0.3813
72.0000,0.4640,0.4002
72.0000,0.4720,0.4193
72.0000,0.4800,0.4389
72.0000,0.4880,0.4588
72.0000,0.4960,0.4790
72.0000,0.5040,0.4996
72.0000,0.5120,0.5205
72.0000,0.5200,0.5417
72.0000,0.5280,0.5633
72.0000,0.5360,0.5852
72.0000,0.5440,0.6073
72.0000,0.5520,0.6298
72.0000,0.5600,0.6525
72.0000,0.5680,0.6755
72.0000,0.5760,0.6988
72.0000,0.5840,0.7224
72.0000,0.6000,0.7703
74.0000,0.2000,0.0309
74.0000,0.2080,0.0368
74.0000,0.2160,0.0433
74.0000,0.2240,0.0504
74.0000,0.2320,0.0581
74.0000,0.2400,0.0664
74.0000,0.2480,0.0755
74.0000,0.2560,0.0851
74.0000,0.2640,0.0954
74.0000,0.2720,0.1063
74.0000,0.2800,0.1178
74.0000,0.2880,0.1300
74.0000,0.2960,0.1427
74.0000,0.3040,0.1561
74.0000,0.3120,0.1700
74.0000,0.3200,0.1846
74.0000,0.3280,0.1997
74.0000,0.3360,0.2153
74.0000,0.3440,0.2316
74.0000,0.3520,0.2483
74.0000,0.3600,0.2656
74.0000,0.3680,0.2834
74.0000,0.3760,0.3017
74.0000,0.3840,0.3205
74.0000,0.3920,0.3398
74.0000,0.4000,0.3595
74.0000,0.4080,0.3797
74.0000,0.4160,0.4004
74.0000,0.4240,0.4215
74.0000,0.4320,0.4430
74.0000,0.4400,0.4649
74.0000,0.4480,0.4873
74.0000,0.4560,0.5100
74.0000,0.4640,0.5331
74.0000,0.4720,0.5566
74.0000,0.4800,0.5804
74.0000,0.4880,0.6046
74.0000,0.4960,0.6292
74.0000,0.5040,0.6541
74.0000,0.5120,0.6793
74.0000,0.5200,0.7048
74.0000,0.5280,0.7307
74.0000,0.5360,0.7568
74.0000,0.5440,0.7832
74.0000,0.5520,0.8100
74.0000,0.5600,0.8370
74.0000,0.5680,0.8642
74.0000,0.5760,0.8918
74.0000,0.5840,0.9196
74.0000,0.6000,0.9759
76.0000,0.2000,0.0523
76.0000,0.2080,0.0611
76.0000,0.2160,0.0707
76.0000,0.2240,0.0812
76.0000,0.2320,0.0924
76.0000,0.2400,0.1043
76.0000,0.2480,0.1171
76.0000,0.2560,0.1306
76.0000,0.2640,0.1448
76.0000,0.2720,0.1598
76.0000,0.2800,0.1755
76.0000,0.2880,0.1919
76.0000,0.2960,0.2089
76.0000,0.3040,0.2267
76.0000,0.3120,0.2451
76.0000,0.3200,0.2641
76.0000,0.3280,0.2837
76.0000,0.3360,0.3040
76.0000,0.3440,0.3249
76.0000,0.3520,0.3463
76.0000,0.3600,0.3683
76.0000,0.3680,0.3908
76.0000,0.3760,0.4138
76.0000,0.3840,0.4374
76.0000,0.3920,0.4614
76.0000,0.4000,0.4860
76.0000,0.4080,0.5109
76.0000,0.4160,0.5364
76.0000,0.4240,0.5623
76.0000,0.4320,0.5886
76.0000,0.4400,0.6153
76.0000,0.4480,0.6424
76.0000,0.4560,0.6700
76.0000,0.4640,0.6978
76.0000,0.4720,0.7261
76.0000,0.4800,0.7547
76.0000,0.4880,0.7836
76.0000,0.4960,0.8129
76.0000,0.5040,0.8425
76.0000,0.5120,0.8724
76.0000,0.5200,0.9026
76.0000,0.5280,0.9332
76.0000,0.5360,0.9639
76.0000,0.5440,0.9950
76.0000,0.5520,1.0263
76.0000,0.5600,1.0579
76.0000,0.5680,1.0898
76.0000,0.5760,1.1218
76.0000,0.5840,1.1541
76.0000,0.6000,1.2194
78.0000,0.2000,0.0851
78.0000,0.2080,0.0980
78.0000,0.2160,0.1118
78.0000,0.2240,0.1266
78.0000,0.2320,0.1423
78.0000,0.2400,0.1588
78.0000,0.2480,0.1763
78.0000,0.2560,0.1946
78.0000,0.2640,0.2138
78.0000,0.2720,0.2337
78.0000,0.2800,0.2545
78.0000,0.2880,0.2760
78.0000,0.2960,0.2982
78.0000,0.3040,0.3212
78.0000,0.3120,0.3449
78.0000,0.3200,0.3692
78.0000,0.3280,0.3942
78.0000,0.3360,0.4198
78.0000,0.3440,0.4460
78.0000,0.3520,0.4727
78.0000,0.3600,0.5001
78.0000,0.3680,0.5280
78.0000,0.3760,0.5564
78.0000,0.3840,0.5853
78.0000,0.3920,0.6147
78.0000,0.4000,0.6446
78.0000,0.4080,0.6750
78.0000,0.4160,0.7057
78.0000,0.4240,0.7369
78.0000,0.4320,0.7685
78.0000,0.4400,0.8005
78.0000,0.4480,0.8329
78.0000,0.4560,0.8656
78.0000,0.4640,0.8987
78.0000,0.4720,0.9322
78.0000,0.4800,0.9659
78.0000,0.4880,1.0000
78.0000,0.4960,1.0344
78.0000,0.5040,1.0690
78.0000,0.5120,1.1040
78.0000,0.5200,1.1392
78.0000,0.5280,1.1747
78.0000,0.5360,1.2105
78.0000,0.5440,1.2464
78.0000,0.5520,1.2827
78.0000,0.5600,1.3191
78.0000,0.5680,1.3558
78.0000,0.5760,1.3927
78.0000,0.5840,1.4297
78.0000,0.6000,1.5045
80.0000,0.2000,0.1338
80.0000,0.2080,0.1519
80.0000,0.2160,0.1712
80.0000,0.2240,0.1914
80.0000,0.2320,0.2127
80.0000,0.2400,0.2350
80.0000,0.2480,0.2582
80.0000,0.2560,0.2824
80.0000,0.2640,0.3075
80.0000,0.2720,0.3334
80.0000,0.2800,0.3601
80.0000,0.2880,0.3877
80.0000,0.2960,0.4159
80.0000,0.3040,0.4450
80.0000,0.3120,0.4747
80.0000,0.3200,0.5051
80.0000,0.3280,0.5361
80.0000,0.3360,0.5678
80.0000,0.3440,0.6000
80.0000,0.3520,0.6328
80.0000,0.3600,0.6662
80.0000,0.3680,0.7000
80.0000,0.3760,0.7344
80.0000,0.3840,0.7693
80.0000,0.3920,0.8046
80.0000,0.4000,0.8403
80.0000,0.4080,0.8765
80.0000,0.4160,0.9131
80.0000,0.4240,0.9500
80.0000,0.4320,0.9874
80.0000,0.4400,1.0251
80.0000,0.4480,1.0631
80.0000,0.4560,1.1015
80.0000,0.4640,1.1401
80.0000,0.4720,1.1791
80.0000,0.4800,1.2183
80.0000,0.4880,1.2579
80.0000,0.4960,1.2976
80.0000,0.5040,1.3377
80.0000,0.5120,1.3780
80.0000,0.5200,1.4185
80.0000,0.5280,1.4592
80.0000,0.5360,1.5001
80.0000,0.5440,1.5413
80.0000,0.5520,1.5826
80.0000,0.5600,1.6241
80.0000,0.5680,1.6658
80.0000,0.5760,1.7077
80.0000,0.5840,1.7497
80.0000,0.6000,1.8342
82.0000,0.2000,0.2039
82.0000,0.2080,0.2286
82.0000,0.2160,0.2544
82.0000,0.2240,0.2814
82.0000,0.2320,0.3094
82.0000,0.2400,0.3386
82.0000,0.2480,0.3687
82.0000,0.2560,0.3997
82.0000,0.2640,0.4317
82.0000,0.2720,0.4645
82.0000,0.2800,0.4981
82.0000,0.2880,0.5326
82.0000,0.2960,0.5677
82.0000,0.3040,0.6036
82.0000,0.3120,0.6401
82.0000,0.3200,0.6773
82.0000,0.3280,0.7151
82.0000,0.3360,0.7534
82.0000,0.3440,0.7923
82.0000,0.3520,0.8318
82.0000,0.3600,0.8717
82.0000,0.3680,0.9121
82.0000,0.3760,0.9529
82.0000,0.3840,0.9942
82.0000,0.3920,1.0359
82.0000,0.4000,1.0779
82.0000,0.4080,1.1204
82.0000,0.4160,1.1632
82.0000,0.4240,1.2063
82.0000,0.4320,1.2497
82.0000,0.4400,1.2934
82.0000,0.4480,1.3374
82.0000,0.4560,1.3817
82.0000,0.4640,1.4262
82.0000,0.4720,1.4710
82.0000,0.4800,1.5160
82.0000,0.4880,1.5612
82.0000,0.4960,1.6066
82.0000,0.5040,1.6523
82.0000,0.5120,1.6981
82.0000,0.5200,1.7441
82.0000,0.5280,1.7902
82.0000,0.5360,1.8365
82.0000,0.5440,1.8830
82.0000,0.5520,1.9296
82.0000,0.5600,1.9763
82.0000,0.5680,2.0232
82.0000,0.5760,2.0702
82.0000,0.5840,2.1173
82.0000,0.6000,2.2118
84.0000,0.2000,0.3017
84.0000,0.2080,0.3342
84.0000,0.2160,0.3680
84.0000,0.2240,0.4029
84.0000,0.2320,0.4389
84.0000,0.2400,0.4759
84.0000,0.2480,0.5139
84.0000,0.2560,0.5528
84.0000,0.2640,0.5926
84.0000,0.2720,0.6332
84.0000,0.2800,0.6746
84.0000,0.2880,0.7167
84.0000,0.2960,0.7595
84.0000,0.3040,0.8029
84.0000,0.3120,0.8469
84.0000,0.3200,0.8915
84.0000,0.3280,0.9366
84.0000,0.3360,0.9823
84.0000,0.3440,1.0284
84.0000,0.3520,1.0749
84.0000,0.3600,1.1219
84.0000,0.3680,1.1692
84.0000,0.3760,1.2170
84.0000,0.3840,1.2650
84.0000,0.3920,1.3135
84.0000,0.4000,1.3622
84.0000,0.4080,1.4112
84.0000,0.4160,1.4605
84.0000,0.4240,1.5100
84.0000,0.4320,1.5598
84.0000,0.4400,1.6098
84.0000,0.4480,1.6600
84.0000,0.4560,1.7104
84.0000,0.4640,1.7610
84.0000,0.4720,1.8118
84.0000,0.4800,1.8627
84.0000,0.4880,1.9138
84.0000,0.4960,1.9650
84.0000,0.5040,2.0164
84.0000,0.5120,2.0678
84.0000,0.5200,2.1194
84.0000,0.5280,2.1711
84.0000,0.5360,2.2229
84.0000,0.5440,2.2748
84.0000,0.5520,2.3268
84.0000,0.5600,2.3788
84.0000,0.5680,2.4309
84.0000,0.5760,2.4831
84.0000,0.5840,2.5353
84.0000,0.6000,2.6399
86.0000,0.2000,0.4343
86.0000,0.2080,0.4760
86.0000,0.2160,0.5189
86.0000,0.2240,0.5629
86.0000,0.2320,0.6079
86.0000,0.2400,0.6539
86.0000,0.2480,0.7007
86.0000,0.2560,0.7484
86.0000,0.2640,0.7969
86.0000,0.2720,0.8460
86.0000,0.2800,0.8958
86.0000,0.2880,0.9463
86.0000,0.2960,0.9973
86.0000,0.3040,1.0489
86.0000,0.3120,1.1009
86.0000,0.3200,1.1534
86.0000,0.3280,1.2064
86.0000,0.3360,1.2597
86.0000,0.3440,1.3134
86.0000,0.3520,1.3674
86.0000,0.3600,1.4218
86.0000,0.3680,1.4764
86.0000,0.3760,1.5314
86.0000,0.3840,1.5865
86.0000,0.3920,1.6419
86.0000,0.4000,1.6975
86.0000,0.4080,1.7533
86.0000,0.4160,1.8093
86.0000,0.4240,1.8655
86.0000,0.4320,1.9218
86.0000,0.4400,1.9782
86.0000,0.4480,2.0348
86.0000,0.4560,2.0914
86.0000,0.4640,2.1482
86.0000,0.4720,2.2051
86.0000,0.4800,2.2620
86.0000,0.4880,2.3191
86.0000,0.4960,2.3761
86.0000,0.5040,2.4333
86.0000,0.5120,2.4905
86.0000,0.5200,2.5477
86.0000,0.5280,2.6050
86.0000,0.5360,2.6623
86.0000,0.5440,2.7196
86.0000,0.5520,2.7769
86.0000,0.5600,2.8342
86.0000,0.5680,2.8916
86.0000,0.5760,2.9489
86.0000,0.5840,3.0063
86.0000,0.6000,3.1209
88.0000,0.2000,0.6096
88.0000,0.2080,0.6617
88.0000,0.2160,0.7148
88.0000,0.2240,0.7689
88.0000,0.2320,0.8238
88.0000,0.2400,0.8795
88.0000,0.2480,0.9360
88.0000,0.2560,0.9932
88.0000,0.2640,1.0510
88.0000,0.2720,1.1093
88.0000,0.2800,1.1681
88.0000,0.2880,1.2274
88.0000,0.2960,1.2872
88.0000,0.3040,1.3473
88.0000,0.3120,1.4078
88.0000,0.3200,1.4686
88.0000,0.3280,1.5296
88.0000,0.3360,1.5910
88.0000,0.3440,1.6525
88.0000,0.3520,1.7143
88.0000,0.3600,1.7763
88.0000,0.3680,1.8384
88.0000,0.3760,1.9007
88.0000,0.3840,1.9631
88.0000,0.3920,2.0256
88.0000,0.4000,2.0882
88.0000,0.4080,2.1509
88.0000,0.4160,2.2137
88.0000,0.4240,2.2765
88.0000,0.4320,2.3394
88.0000,0.4400,2.4023
88.0000,0.4480,2.4653
88.0000,0.4560,2.5282
88.0000,0.4640,2.5912
88.0000,0.4720,2.6542
88.0000,0.4800,2.7171
88.0000,0.4880,2.7801
88.0000,0.4960,2.8430
88.0000,0.5040,2.9059
88.0000,0.5120,2.9688
88.0000,0.5200,3.0316
88.0000,0.5280,3.0944
88.0000,0.5360,3.1571
88.0000,0.5440,3.2198
88.0000,0.5520,3.2825
88.0000,0.5600,3.3450
88.0000,0.5680,3.4075
88.0000,0.5760,3.4700
88.0000,0.5840,3.5324
88.0000,0.6000,3.6569
90.0000,0.2000,0.8358
90.0000,0.2080,0.8992
90.0000,0.2160,0.9634
90.0000,0.2240,1.0283
90.0000,0.2320,1.0939
90.0000,0.2400,1.1601
90.0000,0.2480,1.2268
90.0000,0.2560,1.2939
90.0000,0.2640,1.3615
90.0000,0.2720,1.4294
90.0000,0.2800,1.4976
90.0000,0.2880,1.5661
90.0000,0.2960,1.6348
90.0000,0.3040,1.7038
90.0000,0.3120,1.7729
90.0000,0.3200,1.8421
90.0000,0.3280,1.9115
90.0000,0.3360,1.9810
90.0000,0.3440,2.0505
90.0000,0.3520,2.1201
90.0000,0.3600,2.1898
90.0000,0.3680,2.2594
90.0000,0.3760,2.3291
90.0000,0.3840,2.3988
90.0000,0.3920,2.4684
90.0000,0.4000,2.5380
90.0000,0.4080,2.6076
90.0000,0.4160,2.6771
90.0000,0.4240,2.7466
90.0000,0.4320,2.8160
90.0000,0.4400,2.8853
90.0000,0.4480,2.9546
90.0000,0.4560,3.0238
90.0000,0.4640,3.0929
90.0000,0.4720,3.1618
90.0000,0.4800,3.2307
90.0000,0.4880,3.2995
90.0000,0.4960,3.3682
90.0000,0.5040,3.4367
90.0000,0.5120,3.5051
90.0000,0.5200,3.5734
90.0000,0.5280,3.6416
90.0000,0.5360,3.7097
90.0000,0.5440,3.7776
90.0000,0.5520,3.8454
90.0000,0.5600,3.9131
90.0000,0.5680,3.9807
90.0000,0.5760,4.0481
90.0000,0.5840,4.1153
90.0000,0.6000,4.2495
92.0000,0.2000,1.1211
92.0000,0.2080,1.1965
92.0000,0.2160,1.2724
92.0000,0.2240,1.3487
92.0000,0.2320,1.4254
92.0000,0.2400,1.5024
92.0000,0.2480,1.5796
92.0000,0.2560,1.6570
92.0000,0.2640,1.7346
92.0000,0.2720,1.8123
92.0000,0.2800,1.8900
92.0000,0.2880,1.9678
92.0000,0.2960,2.0456
92.0000,0.3040,2.1234
92.0000,0.3120,2.2012
92.0000,0.3200,2.2789
92.0000,0.3280,2.3566
92.0000,0.3360,2.4341
92.0000,0.3440,2.5116
92.0000,0.3520,2.5890
92.0000,0.3600,2.6662
92.0000,0.3680,2.7433
92.0000,0.3760,2.8203
92.0000,0.3840,2.8971
92.0000,0.3920,2.9737
92.0000,0.4000,3.0502
92.0000,0.4080,3.1265
92.0000,0.4160,3.2027
92.0000,0.4240,3.2786
92.0000,0.4320,3.3544
92.0000,0.4400,3.4300
92.0000,0.4480,3.5054
92.0000,0.4560,3.5806
92.0000,0.4640,3.6556
92.0000,0.4720,3.7304
92.0000,0.4800,3.8051
92.0000,0.4880,3.8795
92.0000,0.4960,3.9537
92.0000,0.5040,4.0277
92.0000,0.5120,4.1015
92.0000,0.5200,4.1751
92.0000,0.5280,4.2485
92.0000,0.5360,4.3217
92.0000,0.5440,4.3947
92.0000,0.5520,4.4675
92.0000,0.5600,4.5401
92.0000,0.5680,4.6124
92.0000,0.5760,4.6846
92.0000,0.5840,4.7566
92.0000,0.6000,4.8999
94.0000,0.2000,1.4735
94.0000,0.2080,1.5613
94.0000,0.2160,1.6492
94.0000,0.2240,1.7371
94.0000,0.2320,1.8250
94.0000,0.2400,1.9129
94.0000,0.2480,2.0007
94.0000,0.2560,2.0884
94.0000,0.2640,2.1760
94.0000,0.2720,2.2634
94.0000,0.2800,2.3506
94.0000,0.2880,2.4375
94.0000,0.2960,2.5243
94.0000,0.3040,2.6108
94.0000,0.3120,2.6971
94.0000,0.3200,2.7831
94.0000,0.3280,2.8689
94.0000,0.3360,2.9543
94.0000,0.3440,3.0395
94.0000,0.3520,3.1244
94.0000,0.3600,3.2090
94.0000,0.3680,3.2933
94.0000,0.3760,3.3774
94.0000,0.3840,3.4611
94.0000,0.3920,3.5445
94.0000,0.4000,3.6276
94.0000,0.4080,3.7104
94.0000,0.4160,3.7929
94.0000,0.4240,3.8751
94.0000,0.4320,3.9570
94.0000,0.4400,4.0385
94.0000,0.4480,4.1198
94.0000,0.4560,4.2008
94.0000,0.4640,4.2815
94.0000,0.4720,4.3619
94.0000,0.4800,4.4420
94.0000,0.4880,4.5218
94.0000,0.4960,4.6013
94.0000,0.5040,4.6805
94.0000,0.5120,4.7594
94.0000,0.5200,4.8380
94.0000,0.5280,4.9164
94.0000,0.5360,4.9944
94.0000,0.5440,5.0722
94.0000,0.5520,5.1497
94.0000,0.5600,5.2269
94.0000,0.5680,5.3039
94.0000,0.5760,5.3806
94.0000,0.5840,5.4570
94.0000,0.6000,5.6090
96.0000,0.2000,1.9007
96.0000,0.2080,2.0008
96.0000,0.2160,2.1005
96.0000,0.2240,2.1999
96.0000,0.2320,2.2989
96.0000,0.2400,2.3975
96.0000,0.2480,2.4956
96.0000,0.2560,2.5933
96.0000,0.2640,2.6906
96.0000,0.2720,2.7874
96.0000,0.2800,2.8837
96.0000,0.2880,2.9796
96.0000,0.2960,3.0750
96.0000,0.3040,3.1699
96.0000,0.3120,3.2643
96.0000,0.3200,3.3583
96.0000,0.3280,3.4518
96.0000,0.3360,3.5448
96.0000,0.3440,3.6373
96.0000,0.3520,3.7294
96.0000,0.3600,3.8210
96.0000,0.3680,3.9122
96.0000,0.3760,4.0028
96.0000,0.3840,4.0931
96.0000,0.3920,4.1829
96.0000,0.4000,4.2723
96.0000,0.4080,4.3612
96.0000,0.4160,4.4497
96.0000,0.4240,4.5377
96.0000,0.4320,4.6254
96.0000,0.4400,4.7126
96.0000,0.4480,4.7994
96.0000,0.4560,4.8859
96.0000,0.4640,4.9719
96.0000,0.4720,5.0575
96.0000,0.4800,5.1427
96.0000,0.4880,5.2275
96.0000,0.4960,5.3120
96.0000,0.5040,5.3961
96.0000,0.5120,5.4798
96.0000,0.5200,5.5631
96.0000,0.5280,5.6461
96.0000,0.5360,5.7287
96.0000,0.5440,5.8110
96.0000,0.5520,5.8929
96.0000,0.5600,5.9745
96.0000,0.5680,6.0557
96.0000,0.5760,6.1367
96.0000,0.5840,6.2172
96.0000,0.6000,6.3774
98.0000,0.2000,2.4093
98.0000,0.2080,2.5213
98.0000,0.2160,2.6324
98.0000,0.2240,2.7428
98.0000,0.2320,2.8523
98.0000,0.2400,2.9611
98.0000,0.2480,3.0690
98.0000,0.2560,3.1762
98.0000,0.2640,3.2827
98.0000,0.2720,3.3883
98.0000,0.2800,3.4933
98.0000,0.2880,3.5975
98.0000,0.2960,3.7009
98.0000,0.3040,3.8037
98.0000,0.3120,3.9058
98.0000,0.3200,4.0072
98.0000,0.3280,4.1079
98.0000,0.3360,4.2079
98.0000,0.3440,4.3073
98.0000,0.3520,4.4061
98.0000,0.3600,4.5042
98.0000,0.3680,4.6017
98.0000,0.3760,4.6986
98.0000,0.3840,4.7949
98.0000,0.3920,4.8907
98.0000,0.4000,4.9858
98.0000,0.4080,5.0804
98.0000,0.4160,5.1745
98.0000,0.4240,5.2680
98.0000,0.4320,5.3609
98.0000,0.4400,5.4534
98.0000,0.4480,5.5453
98.0000,0.4560,5.6367
98.0000,0.4640,5.7277
98.0000,0.4720,5.8181
98.0000,0.4800,5.9081
98.0000,0.4880,5.9976
98.0000,0.4960,6.0866
98.0000,0.5040,6.1752
98.0000,0.5120,6.2633
98.0000,0.5200,6.3510
98.0000,0.5280,6.4382
98.0000,0.5360,6.5251
98.0000,0.5440,6.6115
98.0000,0.5520,6.6975
98.0000,0.5600,6.7830
98.0000,0.5680,6.8682
98.0000,0.5760,6.9530
98.0000,0.5840,7.0374
98.0000,0.6000,7.2050
100.0000,0.2000,3.0050
100.0000,0.2080,3.1279
100.0000,0.2160,3.2497
100.0000,0.2240,3.3701
100.0000,0.2320,3.4894
100.0000,0.2400,3.6076
100.0000,0.2480,3.7246
100.0000,0.2560,3.8405
100.0000,0.2640,3.9554
100.0000,0.2720,4.0692
100.0000,0.2800,4.1820
100.0000,0.2880,4.2938
100.0000,0.2960,4.4047
100.0000,0.3040,4.5146
100.0000,0.3120,4.6236
100.0000,0.3200,4.7318
100.0000,0.3280,4.8391
100.0000,0.3360,4.9455
100.0000,0.3440,5.0511
100.0000,0.3520,5.1560
100.0000,0.3600,5.2600
100.0000,0.3680,5.3633
100.0000,0.3760,5.4659
100.0000,0.3840,5.5677
100.0000,0.3920,5.6688
100.0000,0.4000,5.7692
100.0000,0.4080,5.8689
100.0000,0.4160,5.9680
100.0000,0.4240,6.0664
100.0000,0.4320,6.1642
100.0000,0.4400,6.2614
100.0000,0.4480,6.3580
100.0000,0.4560,6.4539
100.0000,0.4640,6.5493
100.0000,0.4720,6.6441
100.0000,0.4800,6.7384
100.0000,0.4880,6.8321
100.0000,0.4960,6.9253
100.0000,0.5040,7.0179
100.0000,0.5120,7.1100
100.0000,0.5200,7.2017
100.0000,0.5280,7.2928
100.0000,0.5360,7.3834
100.0000,0.5440,7.4735
100.0000,0.5520,7.5632
100.0000,0.5600,7.6524
100.0000,0.5680,7.7412
100.0000,0.5760,7.8295
100.0000,0.5840,7.9173
100.0000,0.6000,8.0918
102.0000,0.2000,3.6919
102.0000,0.2080,3.8247
102.0000,0.2160,3.9559
102.0000,0.2240,4.0854
102.0000,0.2320,4.2134
102.0000,0.2400,4.3399
102.0000,0.2480,4.4650
102.0000,0.2560,4.5886
102.0000,0.2640,4.7110
102.0000,0.2720,4.8320
102.0000,0.2800,4.9518
102.0000,0.2880,5.0704
102.0000,0.2960,5.1878
102.0000,0.3040,5.3041
102.0000,0.3120,5.4192
102.0000,0.3200,5.5334
102.0000,0.3280,5.6465
102.0000,0.3360,5.7586
102.0000,0.3440,5.8697
102.0000,0.3520,5.9799
102.0000,0.3600,6.0892
102.0000,0.3680,6.1976
102.0000,0.3760,6.3051
102.0000,0.3840,6.4118
102.0000,0.3920,6.5177
102.0000,0.4000,6.6227
102.0000,0.4080,6.7270
102.0000,0.4160,6.8306
102.0000,0.4240,6.9333
102.0000,0.4320,7.0354
102.0000,0.4400,7.1368
102.0000,0.4480,7.2374
102.0000,0.4560,7.3374
102.0000,0.4640,7.4368
102.0000,0.4720,7.5355
102.0000,0.4800,7.6335
102.0000,0.4880,7.7310
102.0000,0.4960,7.8278
102.0000,0.5040,7.9241
102.0000,0.5120,8.0197
102.0000,0.5200,8.1148
102.0000,0.5280,8.2094
102.0000,0.5360,8.3034
102.0000,0.5440,8.3969
102.0000,0.5520,8.4898
102.0000,0.5600,8.5822
102.0000,0.5680,8.6742
102.0000,0.5760,8.7656
102.0000,0.5840,8.8565
102.0000,0.6000,9.0370
104.0000,0.2000,4.4730
104.0000,0.2080,4.6143
104.0000,0.2160,4.7535
104.0000,0.2240,4.8908
104.0000,0.2320,5.0262
104.0000,0.2400,5.1598
104.0000,0.2480,5.2917
104.0000,0.2560,5.4220
104.0000,0.2640,5.5507
104.0000,0.2720,5.6778
104.0000,0.2800,5.8036
104.0000,0.2880,5.9279
104.0000,0.2960,6.0509
104.0000,0.3040,6.1726
104.0000,0.3120,6.2931
104.0000,0.3200,6.4123
104.0000,0.3280,6.5304
104.0000,0.3360,6.6473
104.0000,0.3440,6.7632
104.0000,0.3520,6.8780
104.0000,0.3600,6.9918
104.0000,0.3680,7.1045
104.0000,0.3760,7.2163
104.0000,0.3840,7.3272
104.0000,0.3920,7.4372
104.0000,0.4000,7.5462
104.0000,0.4080,7.6544
104.0000,0.4160,7.7618
104.0000,0.4240,7.8683
104.0000,0.4320,7.9741
104.0000,0.4400,8.0790
104.0000,0.4480,8.1832
104.0000,0.4560,8.2867
104.0000,0.4640,8.3895
104.0000,0.4720,8.4915
104.0000,0.4800,8.5929
104.0000,0.4880,8.6935
104.0000,0.4960,8.7936
104.0000,0.5040,8.8929
104.0000,0.5120,8.9917
104.0000,0.5200,9.0898
104.0000,0.5280,9.1873
104.0000,0.5360,9.2843
104.0000,0.5440,9.3806
104.0000,0.5520,9.4764
104.0000,0.5600,9.5717
104.0000,0.5680,9.6664
104.0000,0.5760,9.7605
104.0000,0.5840,9.8542
104.0000,0.6000,10.0399
106.0000,0.2000,5.3498
106.0000,0.2080,5.4978
106.0000,0.2160,5.6435
106.0000,0.2240,5.7870
106.0000,0.2320,5.9284
106.0000,0.2400,6.0677
106.0000,0.2480,6.2052
106.0000,0.2560,6.3408
106.0000,0.2640,6.4746
106.0000,0.2720,6.6068
106.0000,0.2800,6.7374
106.0000,0.2880,6.8664
106.0000,0.2960,6.9940
106.0000,0.3040,7.1201
106.0000,0.3120,7.2449
106.0000,0.3200,7.3683
106.0000,0.3280,7.4904
106.0000,0.3360,7.6114
106.0000,0.3440,7.7311
106.0000,0.3520,7.8497
106.0000,0.3600,7.9671
106.0000,0.3680,8.0835
106.0000,0.3760,8.1989
106.0000,0.3840,8.3132
106.0000,0.3920,8.4265
106.0000,0.4000,8.5389
106.0000,0.4080,8.6503
106.0000,0.4160,8.7609
106.0000,0.4240,8.8705
106.0000,0.4320,8.9794
106.0000,0.4400,9.0873
106.0000,0.4480,9.1945
106.0000,0.4560,9.3009
106.0000,0.4640,9.4065
106.0000,0.4720,9.5113
106.0000,0.4800,9.6154
106.0000,0.4880,9.7188
106.0000,0.4960,9.8215
106.0000,0.5040,9.9235
106.0000,0.5120,10.0249
106.0000,0.5200,10.1256
106.0000,0.5280,10.2256
106.0000,0.5360,10.3250
106.0000,0.5440,10.4238
106.0000,0.5520,10.5220
106.0000,0.5600,10.6197
106.0000,0.5680,10.7167
106.0000,0.5760,10.8132
106.0000,0.5840,10.9091
106.0000,0.6000,11.0993
108.0000,0.2000,6.3222
108.0000,0.2080,6.4752
108.0000,0.2160,6.6257
108.0000,0.2240,6.7738
108.0000,0.2320,6.9196
108.0000,0.2400,7.0632
108.0000,0.2480,7.2048
108.0000,0.2560,7.3445
108.0000,0.2640,7.4822
108.0000,0.2720,7.6182
108.0000,0.2800,7.7524
108.0000,0.2880,7.8850
108.0000,0.2960,8.0160
108.0000,0.3040,8.1455
108.0000,0.3120,8.2736
108.0000,0.3200,8.4002
108.0000,0.3280,8.5255
108.0000,0.3360,8.6495
108.0000,0.3440,8.7723
108.0000,0.3520,8.8938
108.0000,0.3600,9.0141
108.0000,0.3680,9.1334
108.0000,0.3760,9.2515
108.0000,0.3840,9.3685
108.0000,0.3920,9.4845
108.0000,0.4000,9.5995
108.0000,0.4080,9.7135
108.0000,0.4160,9.8266
108.0000,0.4240,9.9387
108.0000,0.4320,10.0500
108.0000,0.4400,10.1604
108.0000,0.4480,10.2699
108.0000,0.4560,10.3786
108.0000,0.4640,10.4865
108.0000,0.4720,10.5936
108.0000,0.4800,10.6999
108.0000,0.4880,10.8055
108.0000,0.4960,10.9104
108.0000,0.5040,11.0145
108.0000,0.5120,11.1180
108.0000,0.5200,11.2207
108.0000,0.5280,11.3228
108.0000,0.5360,11.4243
108.0000,0.5440,11.5251
108.0000,0.5520,11.6253
108.0000,0.5600,11.7248
108.0000,0.5680,11.8238
108.0000,0.5760,11.9222
108.0000,0.5840,12.0200
108.0000,0.6000,12.2139
110.0000,0.2000,7.3889
110.0000,0.2080,7.5451
110.0000,0.2160,7.6986
110.0000,0.2240,7.8496
110.0000,0.2320,7.9983
110.0000,0.2400,8.1447
110.0000,0.2480,8.2891
110.0000,0.2560,8.4313
110.0000,0.2640,8.5717
110.0000,0.2720,8.7102
110.0000,0.2800,8.8469
110.0000,0.2880,8.9820
110.0000,0.2960,9.1154
110.0000,0.3040,9.2472
110.0000,0.3120,9.3776
110.0000,0.3200,9.5065
110.0000,0.3280,9.6340
110.0000,0.3360,9.7602
110.0000,0.3440,9.8851
110.0000,0.3520,10.0087
110.0000,0.3600,10.1311
110.0000,0.3680,10.2523
110.0000,0.3760,10.3725
110.0000,0.3840,10.4915
110.0000,0.3920,10.6094
110.0000,0.4000,10.7263
110.0000,0.4080,10.8423
110.0000,0.4160,10.9572
110.0000,0.4240,11.0712
110.0000,0.4320,11.1843
110.0000,0.4400,11.2965
110.0000,0.4480,11.4078
110.0000,0.4560,11.5182
110.0000,0.4640,11.6278
110.0000,0.4720,11.7367
110.0000,0.4800,11.8447
110.0000,0.4880,11.9520
110.0000,0.4960,12.0585
110.0000,0.5040,12.1643
110.0000,0.5120,12.2694
110.0000,0.5200,12.3737
110.0000,0.5280,12.4774
110.0000,0.5360,12.5804
110.0000,0.5440,12.6828
110.0000,0.5520,12.7845
110.0000,0.5600,12.8856
110.0000,0.5680,12.9861
110.0000,0.5760,13.0860
110.0000,0.5840,13.1853
110.0000,0.6000,13.3822
112.0000,0.2000,8.5472
112.0000,0.2080,8.7047
112.0000,0.2160,8.8596
112.0000,0.2240,9.0120
112.0000,0.2320,9.1620
112.0000,0.2400,9.3098
112.0000,0.2480,9.4554
112.0000,0.2560,9.5991
112.0000,0.2640,9.7407
112.0000,0.2720,9.8806
112.0000,0.2800,10.0186
112.0000,0.2880,10.1550
112.0000,0.2960,10.2898
112.0000,0.3040,10.4229
112.0000,0.3120,10.5546
112.0000,0.3200,10.6848
112.0000,0.3280,10.8136
112.0000,0.3360,10.9411
112.0000,0.3440,11.0673
112.0000,0.3520,11.1922
112.0000,0.3600,11.3159
112.0000,0.3680,11.4384
112.0000,0.3760,11.5598
112.0000,0.3840,11.6800
112.0000,0.3920,11.7992
112.0000,0.4000,11.9174
112.0000,0.4080,12.0346
112.0000,0.4160,12.1507
112.0000,0.4240,12.2659
112.0000,0.4320,12.3802
112.0000,0.4400,12.4936
112.0000,0.4480,12.6061
112.0000,0.4560,12.7178
112.0000,0.4640,12.8286
112.0000,0.4720,12.9386
112.0000,0.4800,13.0479
112.0000,0.4880,13.1563
112.0000,0.4960,13.2640
112.0000,0.5040,13.3709
112.0000,0.5120,13.4772
112.0000,0.5200,13.5827
112.0000,0.5280,13.6875
112.0000,0.5360,13.7917
112.0000,0.5440,13.8952
112.0000,0.5520,13.9980
112.0000,0.5600,14.1002
112.0000,0.5680,14.2018
112.0000,0.5760,14.3028
112.0000,0.5840,14.4032
112.0000,0.6000,14.6023
114.0000,0.2000,9.7936
114.0000,0.2080,9.9507
114.0000,0.2160,10.1052
114.0000,0.2240,10.2574
114.0000,0.2320,10.4073
114.0000,0.2400,10.5551
114.0000,0.2480,10.7007
114.0000,0.2560,10.8444
114.0000,0.2640,10.9863
114.0000,0.2720,11.1263
114.0000,0.2800,11.2646
114.0000,0.2880,11.4012
114.0000,0.2960,11.5363
114.0000,0.3040,11.6698
114.0000,0.3120,11.8018
114.0000,0.3200,11.9325
114.0000,0.3280,12.0617
114.0000,0.3360,12.1896
114.0000,0.3440,12.3163
114.0000,0.3520,12.4417
114.0000,0.3600,12.5659
114.0000,0.3680,12.6890
114.0000,0.3760,12.8109
114.0000,0.3840,12.9317
114.0000,0.3920,13.0515
114.0000,0.4000,13.1703
114.0000,0.4080,13.2880
114.0000,0.4160,13.4048
114.0000,0.4240,13.5207
114.0000,0.4320,13.6356
114.0000,0.4400,13.7497
114.0000,0.4480,13.8628
114.0000,0.4560,13.9752
114.0000,0.4640,14.0867
114.0000,0.4720,14.1973
114.0000,0.4800,14.3073
114.0000,0.4880,14.4164
114.0000,0.4960,14.5248
114.0000,0.5040,14.6324
114.0000,0.5120,14.7394
114.0000,0.5200,14.8456
114.0000,0.5280,14.9511
114.0000,0.5360,15.0560
114.0000,0.5440,15.1602
114.0000,0.5520,15.2638
114.0000,0.5600,15.3667
114.0000,0.5680,15.4691
114.0000,0.5760,15.5708
114.0000,0.5840,15.6719
114.0000,0.6000,15.8725
116.0000,0.2000,11.1233
116.0000,0.2080,11.2785
116.0000,0.2160,11.4313
116.0000,0.2240,11.5818
116.0000,0.2320,11.7303
116.0000,0.2400,11.8767
116.0000,0.2480,12.0212
116.0000,0.2560,12.1638
116.0000,0.2640,12.3047
116.0000,0.2720,12.4438
116.0000,0.2800,12.5813
116.0000,0.2880,12.7172
116.0000,0.2960,12.8517
116.0000,0.3040,12.9846
116.0000,0.3120,13.1162
116.0000,0.3200,13.2463
116.0000,0.3280,13.3752
116.0000,0.3360,13.5028
116.0000,0.3440,13.6292
116.0000,0.3520,13.7543
116.0000,0.3600,13.8784
116.0000,0.3680,14.0013
116.0000,0.3760,14.1231
116.0000,0.3840,14.2439
116.0000,0.3920,14.3636
116.0000,0.4000,14.4824
116.0000,0.4080,14.6001
116.0000,0.4160,14.7170
116.0000,0.4240,14.8329
116.0000,0.4320,14.9479
116.0000,0.4400,15.0621
116.0000,0.4480,15.1754
116.0000,0.4560,15.2879
116.0000,0.4640,15.3996
116.0000,0.4720,15.5105
116.0000,0.4800,15.6206
116.0000,0.4880,15.7300
116.0000,0.4960,15.8386
116.0000,0.5040,15.9465
116.0000,0.5120,16.0537
116.0000,0.5200,16.1603
116.0000,0.5280,16.2661
116.0000,0.5360,16.3713
116.0000,0.5440,16.4759
116.0000,0.5520,16.5798
116.0000,0.5600,16.6831
116.0000,0.5680,16.7858
116.0000,0.5760,16.8879
116.0000,0.5840,16.9894
116.0000,0.6000,17.1907
118.0000,0.2000,12.5314
118.0000,0.2080,12.6831
118.0000,0.2160,12.8329
118.0000,0.2240,12.9806
118.0000,0.2320,13.1264
118.0000,0.2400,13.2703
118.0000,0.2480,13.4125
118.0000,0.2560,13.5530
118.0000,0.2640,13.6919
118.0000,0.2720,13.8292
118.0000,0.2800,13.9650
118.0000,0.2880,14.0993
118.0000,0.2960,14.2322
118.0000,0.3040,14.3638
118.0000,0.3120,14.4941
118.0000,0.3200,14.6230
118.0000,0.3280,14.7508
118.0000,0.3360,14.8773
118.0000,0.3440,15.0027
118.0000,0.3520,15.1270
118.0000,0.3600,15.2502
118.0000,0.3680,15.3723
118.0000,0.3760,15.4934
118.0000,0.3840,15.6135
118.0000,0.3920,15.7326
118.0000,0.4000,15.8508
118.0000,0.4080,15.9681
118.0000,0.4160,16.0844
118.0000,0.4240,16.1999
118.0000,0.4320,16.3145
118.0000,0.4400,16.4283
118.0000,0.4480,16.5413
118.0000,0.4560,16.6535
118.0000,0.4640,16.7649
118.0000,0.4720,16.8755
118.0000,0.4800,16.9854
118.0000,0.4880,17.0946
118.0000,0.4960,17.2031
118.0000,0.5040,17.3109
118.0000,0.5120,17.4180
118.0000,0.5200,17.5244
118.0000,0.5280,17.6302
118.0000,0.5360,17.7353
118.0000,0.5440,17.8399
118.0000,0.5520,17.9438
118.0000,0.5600,18.0471
118.0000,0.5680,18.1498
118.0000,0.5760,18.2519
118.0000,0.5840,18.3535
118.0000,0.6000,18.5549
120.0000,0.2000,14.0119
120.0000,0.2080,14.1592
120.0000,0.2160,14.3047
120.0000,0.2240,14.4485
120.0000,0.2320,14.5906
120.0000,0.2400,14.7311
120.0000,0.2480,14.8701
120.0000,0.2560,15.0076
120.0000,0.2640,15.1436
120.0000,0.2720,15.2782
120.0000,0.2800,15.4115
120.0000,0.2880,15.5435
120.0000,0.2960,15.6742
120.0000,0.3040,15.8036
120.0000,0.3120,15.9319
120.0000,0.3200,16.0590
120.0000,0.3280,16.1849
120.0000,0.3360,16.3098
120.0000,0.3440,16.4336
120.0000,0.3520,16.5564
120.0000,0.3600,16.6781
120.0000,0.3680,16.7989
120.0000,0.3760,16.9187
120.0000,0.3840,17.0376
120.0000,0.3920,17.1556
120.0000,0.4000,17.2727
120.0000,0.4080,17.3889
120.0000,0.4160,17.5043
120.0000,0.4240,17.6189
120.0000,0.4320,17.7326
120.0000,0.4400,17.8456
120.0000,0.4480,17.9578
120.0000,0.4560,18.0693
120.0000,0.4640,18.1800
120.0000,0.4720,18.2900
120.0000,0.4800,18.3993
120.0000,0.4880,18.5079
120.0000,0.4960,18.6158
120.0000,0.5040,18.7231
120.0000,0.5120,18.8297
120.0000,0.5200,18.9357
120.0000,0.5280,19.0410
120.0000,0.5360,19.1458
120.0000,0.5440,19.2499
120.0000,0.5520,19.3535
120.0000,0.5600,19.4565
120.0000,0.5680,19.5589
120.0000,0.5760,19.6608
120.0000,0.5840,19.7621
120.0000,0.6000,19.9631
122.0000,0.2000,15.5590
122.0000,0.2080,15.7009
122.0000,0.2160,15.8413
122.0000,0.2240,15.9803
122.0000,0.2320,16.1179
122.0000,0.2400,16.2542
122.0000,0.2480,16.3892
122.0000,0.2560,16.5229
122.0000,0.2640,16.6553
122.0000,0.2720,16.7865
122.0000,0.2800,16.9166
122.0000,0.2880,17.0455
122.0000,0.2960,17.1733
122.0000,0.3040,17.3000
122.0000,0.3120,17.4257
122.0000,0.3200,17.5503
122.0000,0.3280,17.6739
122.0000,0.3360,17.7966
122.0000,0.3440,17.9182
122.0000,0.3520,18.0390
122.0000,0.3600,18.1588
122.0000,0.3680,18.2777
122.0000,0.3760,18.3958
122.0000,0.3840,18.5130
122.0000,0.3920,18.6294
122.0000,0.4000,18.7449
122.0000,0.4080,18.8597
122.0000,0.4160,18.9737
122.0000,0.4240,19.0869
122.0000,0.4320,19.1994
122.0000,0.4400,19.3111
122.0000,0.4480,19.4222
122.0000,0.4560,19.5325
122.0000,0.4640,19.6422
122.0000,0.4720,19.7511
122.0000,0.4800,19.8595
122.0000,0.4880,19.9671
122.0000,0.4960,20.0742
122.0000,0.5040,20.1806
122.0000,0.5120,20.2864
122.0000,0.5200,20.3916
122.0000,0.5280,20.4962
122.0000,0.5360,20.6003
122.0000,0.5440,20.7038
122.0000,0.5520,20.8067
122.0000,0.5600,20.9090
122.0000,0.5680,21.0109
122.0000,0.5760,21.1122
122.0000,0.5840,21.2130
122.0000,0.6000,21.4130
124.0000,0.2000,17.1667
124.0000,0.2080,17.3024
124.0000,0.2160,17.4370
124.0000,0.2240,17.5706
124.0000,0.2320,17.7030
124.0000,0.2400,17.8344
124.0000,0.2480,17.9648
124.0000,0.2560,18.0941
124.0000,0.2640,18.2223
124.0000,0.2720,18.3496
124.0000,0.2800,18.4759
124.0000,0.2880,18.6012
124.0000,0.2960,18.7256
124.0000,0.3040,18.8491
124.0000,0.3120,18.9716
124.0000,0.3200,19.0933
124.0000,0.3280,19.2140
124.0000,0.3360,19.3340
124.0000,0.3440,19.4530
124.0000,0.3520,19.5713
124.0000,0.3600,19.6887
124.0000,0.3680,19.8054
124.0000,0.3760,19.9213
124.0000,0.3840,20.0364
124.0000,0.3920,20.1507
124.0000,0.4000,20.2644
124.0000,0.4080,20.3773
124.0000,0.4160,20.4895
124.0000,0.4240,20.6010
124.0000,0.4320,20.7119
124.0000,0.4400,20.8221
124.0000,0.4480,20.9316
124.0000,0.4560,21.0405
124.0000,0.4640,21.1487
124.0000,0.4720,21.2564
124.0000,0.4800,21.3634
124.0000,0.4880,21.4698
124.0000,0.4960,21.5757
124.0000,0.5040,21.6809
124.0000,0.5120,21.7856
124.0000,0.5200,21.8898
124.0000,0.5280,21.9934
124.0000,0.5360,22.0965
124.0000,0.5440,22.1990
124.0000,0.5520,22.3010
124.0000,0.5600,22.4025
124.0000,0.5680,22.5035
124.0000,0.5760,22.6040
124.0000,0.5840,22.7040
124.0000,0.6000,22.9025
126.0000,0.2000,18.8288
126.0000,0.2080,18.9579
126.0000,0.2160,19.0863
126.0000,0.2240,19.2139
126.0000,0.2320,19.3407
126.0000,0.2400,19.4668
126.0000,0.2480,19.5920
126.0000,0.2560,19.7165
126.0000,0.2640,19.8401
126.0000,0.2720,19.9630
126.0000,0.2800,20.0851
126.0000,0.2880,20.2064
126.0000,0.2960,20.3269
126.0000,0.3040,20.4467
126.0000,0.3120,20.5657
126.0000,0.3200,20.6840
126.0000,0.3280,20.8015
126.0000,0.3360,20.9184
126.0000,0.3440,21.0345
126.0000,0.3520,21.1499
126.0000,0.3600,21.2646
126.0000,0.3680,21.3786
126.0000,0.3760,21.4919
126.0000,0.3840,21.6046
126.0000,0.3920,21.7166
126.0000,0.4000,21.8280
126.0000,0.4080,21.9387
126.0000,0.4160,22.0489
126.0000,0.4240,22.1584
126.0000,0.4320,22.2673
126.0000,0.4400,22.3756
126.0000,0.4480,22.4833
126.0000,0.4560,22.5904
126.0000,0.4640,22.6970
126.0000,0.4720,22.8030
126.0000,0.4800,22.9085
126.0000,0.4880,23.0134
126.0000,0.4960,23.1178
126.0000,0.5040,23.2216
126.0000,0.5120,23.3250
126.0000,0.5200,23.4278
126.0000,0.5280,23.5301
126.0000,0.5360,23.6319
126.0000,0.5440,23.7333
126.0000,0.5520,23.8341
126.0000,0.5600,23.9345
126.0000,0.5680,24.0344
126.0000,0.5760,24.1339
126.0000,0.5840,24.2329
126.0000,0.6000,24.4295
128.0000,0.2000,20.5395
128.0000,0.2080,20.6618
128.0000,0.2160,20.7836
128.0000,0.2240,20.9050
128.0000,0.2320,21.0259
128.0000,0.2400,21.1463
128.0000,0.2480,21.2661
128.0000,0.2560,21.3854
128.0000,0.2640,21.5041
128.0000,0.2720,21.6223
128.0000,0.2800,21.7398
128.0000,0.2880,21.8568
128.0000,0.2960,21.9732
128.0000,0.3040,22.0889
128.0000,0.3120,22.2041
128.0000,0.3200,22.3187
128.0000,0.3280,22.4327
128.0000,0.3360,22.5461
128.0000,0.3440,22.6590
128.0000,0.3520,22.7712
128.0000,0.3600,22.8829
128.0000,0.3680,22.9940
128.0000,0.3760,23.1045
128.0000,0.3840,23.2144
128.0000,0.3920,23.3238
128.0000,0.4000,23.4327
128.0000,0.4080,23.5410
128.0000,0.4160,23.6487
128.0000,0.4240,23.7559
128.0000,0.4320,23.8626
128.0000,0.4400,23.9688
128.0000,0.4480,24.0745
128.0000,0.4560,24.1796
128.0000,0.4640,24.2843
128.0000,0.4720,24.3884
128.0000,0.4800,24.4921
128.0000,0.4880,24.5952
128.0000,0.4960,24.6979
128.0000,0.5040,24.8001
128.0000,0.5120,24.9019
128.0000,0.5200,25.0032
128.0000,0.5280,25.1040
128.0000,0.5360,25.2044
128.0000,0.5440,25.3043
128.0000,0.5520,25.4038
128.0000,0.5600,25.5029
128.0000,0.5680,25.6015
128.0000,0.5760,25.6997
128.0000,0.5840,25.7975
128.0000,0.6000,25.9919
130.0000,0.2000,22.2933
130.0000,0.2080,22.4086
130.0000,0.2160,22.5238
130.0000,0.2240,22.6388
130.0000,0.2320,22.7536
130.0000,0.2400,22.8681
130.0000,0.2480,22.9824
130.0000,0.2560,23.0963
130.0000,0.2640,23.2099
130.0000,0.2720,23.3231
130.0000,0.2800,23.4359
130.0000,0.2880,23.5483
130.0000,0.2960,23.6603
130.0000,0.3040,23.7719
130.0000,0.3120,23.8830
130.0000,0.3200,23.9937
130.0000,0.3280,24.1040
130.0000,0.3360,24.2137
130.0000,0.3440,24.3231
130.0000,0.3520,24.4319
130.0000,0.3600,24.5403
130.0000,0.3680,24.6483
130.0000,0.3760,24.7557
130.0000,0.3840,24.8628
130.0000,0.3920,24.9693
130.0000,0.4000,25.0754
130.0000,0.4080,25.1810
130.0000,0.4160,25.2862
130.0000,0.4240,25.3909
130.0000,0.4320,25.4952
130.0000,0.4400,25.5991
130.0000,0.4480,25.7024
130.0000,0.4560,25.8054
130.0000,0.4640,25.9079
130.0000,0.4720,26.0100
130.0000,0.4800,26.1116
130.0000,0.4880,26.2128
130.0000,0.4960,26.3136
130.0000,0.5040,26.4140
130.0000,0.5120,26.5140
130.0000,0.5200,26.6136
130.0000,0.5280,26.7127
130.0000,0.5360,26.8115
130.0000,0.5440,26.9098
130.0000,0.5520,27.0078
130.0000,0.5600,27.1053
130.0000,0.5680,27.2025
130.0000,0.5760,27.2993
130.0000,0.5840,27.3957
130.0000,0.6000,27.5874
132.0000,0.2000,24.0848
132.0000,0.2080,24.1932
132.0000,0.2160,24.3018
132.0000,0.2240,24.4105
132.0000,0.2320,24.5192
132.0000,0.2400,24.6278
132.0000,0.2480,24.7365
132.0000,0.2560,24.8450
132.0000,0.2640,24.9533
132.0000,0.2720,25.0615
132.0000,0.2800,25.1695
132.0000,0.2880,25.2772
132.0000,0.2960,25.3847
132.0000,0.3040,25.4919
132.0000,0.3120,25.5988
132.0000,0.3200,25.7055
132.0000,0.3280,25.8118
132.0000,0.3360,25.9178
132.0000,0.3440,26.0235
132.0000,0.3520,26.1288
132.0000,0.3600,26.2338
132.0000,0.3680,26.3384
132.0000,0.3760,26.4426
132.0000,0.3840,26.5466
132.0000,0.3920,26.6501
132.0000,0.4000,26.7533
132.0000,0.4080,26.8561
132.0000,0.4160,26.9585
132.0000,0.4240,27.0606
132.0000,0.4320,27.1623
132.0000,0.4400,27.2636
132.0000,0.4480,27.3646
132.0000,0.4560,27.4651
132.0000,0.4640,27.5654
132.0000,0.4720,27.6652
132.0000,0.4800,27.7647
132.0000,0.4880,27.8638
132.0000,0.4960,27.9626
132.0000,0.5040,28.0609
132.0000,0.5120,28.1590
132.0000,0.5200,28.2567
132.0000,0.5280,28.3540
132.0000,0.5360,28.4509
132.0000,0.5440,28.5476
132.0000,0.5520,28.6438
132.0000,0.5600,28.7397
132.0000,0.5680,28.8353
132.0000,0.5760,28.9306
132.0000,0.5840,29.0255
132.0000,0.6000,29.2143
134.0000,0.2000,25.9093
134.0000,0.2080,26.0110
134.0000,0.2160,26.1131
134.0000,0.2240,26.2155
134.0000,0.2320,26.3182
134.0000,0.2400,26.4211
134.0000,0.2480,26.5241
134.0000,0.2560,26.6272
134.0000,0.2640,26.7304
134.0000,0.2720,26.8335
134.0000,0.2800,26.9366
134.0000,0.2880,27.0396
134.0000,0.2960,27.1426
134.0000,0.3040,27.2454
134.0000,0.3120,27.3480
134.0000,0.3200,27.4505
134.0000,0.3280,27.5529
134.0000,0.3360,27.6550
134.0000,0.3440,27.7569
134.0000,0.3520,27.8586
134.0000,0.3600,27.9601
134.0000,0.3680,28.0613
134.0000,0.3760,28.1622
134.0000,0.3840,28.2629
134.0000,0.3920,28.3633
134.0000,0.4000,28.4635
134.0000,0.4080,28.5633
134.0000,0.4160,28.6629
134.0000,0.4240,28.7622
134.0000,0.4320,28.8612
134.0000,0.4400,28.9599
134.0000,0.4480,29.0583
134.0000,0.4560,29.1564
134.0000,0.4640,29.2542
134.0000,0.4720,29.3516
134.0000,0.4800,29.4488
134.0000,0.4880,29.5457
134.0000,0.4960,29.6423
134.0000,0.5040,29.7386
134.0000,0.5120,29.8345
134.0000,0.5200,29.9302
134.0000,0.5280,30.0256
134.0000,0.5360,30.1206
134.0000,0.5440,30.2154
134.0000,0.5520,30.3098
134.0000,0.5600,30.4040
134.0000,0.5680,30.4979
134.0000,0.5760,30.5914
134.0000,0.5840,30.6847
134.0000,0.6000,30.8703
136.0000,0.2000,27.7622
136.0000,0.2080,27.8575
136.0000,0.2160,27.9534
136.0000,0.2240,28.0499
136.0000,0.2320,28.1467
136.0000,0.2400,28.2440
136.0000,0.2480,28.3415
136.0000,0.2560,28.4393
136.0000,0.2640,28.5373
136.0000,0.2720,28.6355
136.0000,0.2800,28.7338
136.0000,0.2880,28.8321
136.0000,0.2960,28.9305
136.0000,0.3040,29.0290
136.0000,0.3120,29.1274
136.0000,0.3200,29.2257
136.0000,0.3280,29.3240
136.0000,0.3360,29.4223
136.0000,0.3440,29.5204
136.0000,0.3520,29.6184
136.0000,0.3600,29.7163
136.0000,0.3680,29.8140
136.0000,0.3760,29.9116
136.0000,0.3840,30.0090
136.0000,0.3920,30.1062
136.0000,0.4000,30.2033
136.0000,0.4080,30.3001
136.0000,0.4160,30.3967
136.0000,0.4240,30.4932
136.0000,0.4320,30.5894
136.0000,0.4400,30.6853
136.0000,0.4480,30.7811
136.0000,0.4560,30.8766
136.0000,0.4640,30.9719
136.0000,0.4720,31.0670
136.0000,0.4800,31.1618
136.0000,0.4880,31.2563
136.0000,0.4960,31.3506
136.0000,0.5040,31.4447
136.0000,0.5120,31.5385
136.0000,0.5200,31.6321
136.0000,0.5280,31.7254
136.0000,0.5360,31.8184
136.0000,0.5440,31.9112
136.0000,0.5520,32.0038
136.0000,0.5600,32.0961
136.0000,0.5680,32.1881
136.0000,0.5760,32.2799
136.0000,0.5840,32.3714
136.0000,0.6000,32.5537
138.0000,0.2000,29.6396
138.0000,0.2080,29.7289
138.0000,0.2160,29.8189
138.0000,0.2240,29.9097
138.0000,0.2320,30.0010
138.0000,0.2400,30.0928
138.0000,0.2480,30.1851
138.0000,0.2560,30.2778
138.0000,0.2640,30.3708
138.0000,0.2720,30.4641
138.0000,0.2800,30.5577
138.0000,0.2880,30.6515
138.0000,0.2960,30.7455
138.0000,0.3040,30.8396
138.0000,0.3120,30.9338
138.0000,0.3200,31.0280
138.0000,0.3280,31.1224
138.0000,0.3360,31.2167
138.0000,0.3440,31.3111
138.0000,0.3520,31.4054
138.0000,0.3600,31.4997
138.0000,0.3680,31.5940
138.0000,0.3760,31.6881
138.0000,0.3840,31.7822
138.0000,0.3920,31.8763
138.0000,0.4000,31.9702
138.0000,0.4080,32.0639
138.0000,0.4160,32.1576
138.0000,0.4240,32.2511
138.0000,0.4320,32.3445
138.0000,0.4400,32.4377
138.0000,0.4480,32.5308
138.0000,0.4560,32.6236
138.0000,0.4640,32.7164
138.0000,0.4720,32.8089
138.0000,0.4800,32.9013
138.0000,0.4880,32.9934
138.0000,0.4960,33.0854
138.0000,0.5040,33.1772
138.0000,0.5120,33.2688
138.0000,0.5200,33.3602
138.0000,0.5280,33.4514
138.0000,0.5360,33.5424
138.0000,0.5440,33.6331
138.0000,0.5520,33.7237
138.0000,0.5600,33.8140
138.0000,0.5680,33.9042
138.0000,0.5760,33.9941
138.0000,0.5840,34.0838
138.0000,0.6000,34.2626
140.0000,0.2000,31.5379
140.0000,0.2080,31.6215
140.0000,0.2160,31.7061
140.0000,0.2240,31.7915
140.0000,0.2320,31.8775
140.0000,0.2400,31.9643
140.0000,0.2480,32.0516
140.0000,0.2560,32.1394
140.0000,0.2640,32.2276
140.0000,0.2720,32.3163
140.0000,0.2800,32.4054
140.0000,0.2880,32.4947
140.0000,0.2960,32.5844
140.0000,0.3040,32.6743
140.0000,0.3120,32.7643
140.0000,0.3200,32.8546
140.0000,0.3280,32.9450
140.0000,0.3360,33.0356
140.0000,0.3440,33.1262
140.0000,0.3520,33.2169
140.0000,0.3600,33.3077
140.0000,0.3680,33.3985
140.0000,0.3760,33.4893
140.0000,0.3840,33.5801
140.0000,0.3920,33.6709
140.0000,0.4000,33.7617
140.0000,0.4080,33.8524
140.0000,0.4160,33.9431
140.0000,0.4240,34.0337
140.0000,0.4320,34.1242
140.0000,0.4400,34.2147
140.0000,0.4480,34.3050
140.0000,0.4560,34.3952
140.0000,0.4640,34.4854
140.0000,0.4720,34.5754
140.0000,0.4800,34.6652
140.0000,0.4880,34.7550
140.0000,0.4960,34.8446
140.0000,0.5040,34.9341
140.0000,0.5120,35.0234
140.0000,0.5200,35.1126
140.0000,0.5280,35.2016
140.0000,0.5360,35.2904
140.0000,0.5440,35.3791
140.0000,0.5520,35.4677
140.0000,0.5600,35.5560
140.0000,0.5680,35.6442
140.0000,0.5760,35.7322
140.0000,0.5840,35.8201
140.0000,0.6000,35.9952
142.0000,0.2000,33.4538
142.0000,0.2080,33.5324
142.0000,0.2160,33.6119
142.0000,0.2240,33.6923
142.0000,0.2320,33.7735
142.0000,0.2400,33.8554
142.0000,0.2480,33.9380
142.0000,0.2560,34.0212
142.0000,0.2640,34.1049
142.0000,0.2720,34.1892
142.0000,0.2800,34.2739
142.0000,0.2880,34.3590
142.0000,0.2960,34.4445
142.0000,0.3040,34.5304
142.0000,0.3120,34.6165
142.0000,0.3200,34.7029
142.0000,0.3280,34.7895
142.0000,0.3360,34.8764
142.0000,0.3440,34.9634
142.0000,0.3520,35.0506
142.0000,0.3600,35.1379
142.0000,0.3680,35.2253
142.0000,0.3760,35.3128
142.0000,0.3840,35.4004
142.0000,0.3920,35.4880
142.0000,0.4000,35.5757
142.0000,0.4080,35.6634
142.0000,0.4160,35.7511
142.0000,0.4240,35.8388
142.0000,0.4320,35.9265
142.0000,0.4400,36.0141
142.0000,0.4480,36.1017
142.0000,0.4560,36.1893
142.0000,0.4640,36.2769
142.0000,0.4720,36.3643
142.0000,0.4800,36.4517
142.0000,0.4880,36.5390
142.0000,0.4960,36.6262
142.0000,0.5040,36.7134
142.0000,0.5120,36.8004
142.0000,0.5200,36.8873
142.0000,0.5280,36.9742
142.0000,0.5360,37.0609
142.0000,0.5440,37.1474
142.0000,0.5520,37.2339
142.0000,0.5600,37.3202
142.0000,0.5680,37.4065
142.0000,0.5760,37.4925
142.0000,0.5840,37.5785
142.0000,0.6000,37.7499
144.0000,0.2000,35.3847
144.0000,0.2080,35.4586
144.0000,0.2160,35.5335
144.0000,0.2240,35.6093
144.0000,0.2320,35.6860
144.0000,0.2400,35.7635
144.0000,0.2480,35.8417
144.0000,0.2560,35.9206
144.0000,0.2640,36.0001
144.0000,0.2720,36.0802
144.0000,0.2800,36.1608
144.0000,0.2880,36.2419
144.0000,0.2960,36.3235
144.0000,0.3040,36.4054
144.0000,0.3120,36.4878
144.0000,0.3200,36.5705
144.0000,0.3280,36.6535
144.0000,0.3360,36.7367
144.0000,0.3440,36.8202
144.0000,0.3520,36.9040
144.0000,0.3600,36.9879
144.0000,0.3680,37.0720
144.0000,0.3760,37.1563
144.0000,0.3840,37.2407
144.0000,0.3920,37.3253
144.0000,0.4000,37.4099
144.0000,0.4080,37.4946
144.0000,0.4160,37.5794
144.0000,0.4240,37.6643
144.0000,0.4320,37.7492
144.0000,0.4400,37.8341
144.0000,0.4480,37.9190
144.0000,0.4560,38.0040
144.0000,0.4640,38.0889
144.0000,0.4720,38.1739
144.0000,0.4800,38.2588
144.0000,0.4880,38.3437
144.0000,0.4960,38.4285
144.0000,0.5040,38.5133
144.0000,0.5120,38.5980
144.0000,0.5200,38.6827
144.0000,0.5280,38.7673
144.0000,0.5360,38.8519
144.0000,0.5440,38.9364
144.0000,0.5520,39.0208
144.0000,0.5600,39.1051
144.0000,0.5680,39.1893
144.0000,0.5760,39.2734
144.0000,0.5840,39.3574
144.0000,0.6000,39.5251
146.0000,0.2000,37.3281
146.0000,0.2080,37.3978
146.0000,0.2160,37.4685
146.0000,0.2240,37.5402
146.0000,0.2320,37.6127
146.0000,0.2400,37.6861
146.0000,0.2480,37.7603
146.0000,0.2560,37.8352
146.0000,0.2640,37.9108
146.0000,0.2720,37.9870
146.0000,0.2800,38.0638
146.0000,0.2880,38.1411
146.0000,0.2960,38.2189
146.0000,0.3040,38.2973
146.0000,0.3120,38.3760
146.0000,0.3200,38.4551
146.0000,0.3280,38.5347
146.0000,0.3360,38.6145
146.0000,0.3440,38.6947
146.0000,0.3520,38.7751
146.0000,0.3600,38.8558
146.0000,0.3680,38.9368
146.0000,0.3760,39.0179
146.0000,0.3840,39.0993
146.0000,0.3920,39.1808
146.0000,0.4000,39.2625
146.0000,0.4080,39.3443
146.0000,0.4160,39.4263
146.0000,0.4240,39.5083
146.0000,0.4320,39.5905
146.0000,0.4400,39.6727
146.0000,0.4480,39.7550
146.0000,0.4560,39.8374
146.0000,0.4640,39.9198
146.0000,0.4720,40.0022
146.0000,0.4800,40.0847
146.0000,0.4880,40.1672
146.0000,0.4960,40.2497
146.0000,0.5040,40.3322
146.0000,0.5120,40.4146
146.0000,0.5200,40.4971
146.0000,0.5280,40.5795
146.0000,0.5360,40.6619
146.0000,0.5440,40.7443
146.0000,0.5520,40.8266
146.0000,0.5600,40.9088
146.0000,0.5680,40.9910
146.0000,0.5760,41.0732
146.0000,0.5840,41.1553
146.0000,0.6000,41.3192
148.0000,0.2000,39.2819
148.0000,0.2080,39.3479
148.0000,0.2160,39.4149
148.0000,0.2240,39.4828
148.0000,0.2320,39.5516
148.0000,0.2400,39.6213
148.0000,0.2480,39.6917
148.0000,0.2560,39.7630
148.0000,0.2640,39.8349
148.0000,0.2720,39.9075
148.0000,0.2800,39.9807
148.0000,0.2880,40.0545
148.0000,0.2960,40.1289
148.0000,0.3040,40.2038
148.0000,0.3120,40.2792
148.0000,0.3200,40.3550
148.0000,0.3280,40.4312
148.0000,0.3360,40.5078
148.0000,0.3440,40.5848
148.0000,0.3520,40.6621
148.0000,0.3600,40.7397
148.0000,0.3680,40.8176
148.0000,0.3760,40.8957
148.0000,0.3840,40.9742
148.0000,0.3920,41.0528
148.0000,0.4000,41.1316
148.0000,0.4080,41.2107
148.0000,0.4160,41.2898
148.0000,0.4240,41.3692
148.0000,0.4320,41.4487
148.0000,0.4400,41.5283
148.0000,0.4480,41.6080
148.0000,0.4560,41.6879
148.0000,0.4640,41.7678
148.0000,0.4720,41.8478
148.0000,0.4800,41.9279
148.0000,0.4880,42.0080
148.0000,0.4960,42.0881
148.0000,0.5040,42.1684
148.0000,0.5120,42.2486
148.0000,0.5200,42.3288
148.0000,0.5280,42.4091
148.0000,0.5360,42.4894
148.0000,0.5440,42.5696
148.0000,0.5520,42.6499
148.0000,0.5600,42.7301
148.0000,0.5680,42.8103
148.0000,0.5760,42.8905
148.0000,0.5840,42.9707
148.0000,0.6000,43.1309
150.0000,0.2000,41.2444
150.0000,0.2080,41.3071
150.0000,0.2160,41.3707
150.0000,0.2240,41.4353
150.0000,0.2320,41.5007
150.0000,0.2400,41.5670
150.0000,0.2480,41.6341
150.0000,0.2560,41.7020
150.0000,0.2640,41.7706
150.0000,0.2720,41.8399
150.0000,0.2800,41.9099
150.0000,0.2880,41.9804
150.0000,0.2960,42.0515
150.0000,0.3040,42.1232
150.0000,0.3120,42.1954
150.0000,0.3200,42.2681
150.0000,0.3280,42.3412
150.0000,0.3360,42.4148
150.0000,0.3440,42.4887
150.0000,0.3520,42.5631
150.0000,0.3600,42.6377
150.0000,0.3680,42.7127
150.0000,0.3760,42.7880
150.0000,0.3840,42.8636
150.0000,0.3920,42.9395
150.0000,0.4000,43.0156
150.0000,0.4080,43.0919
150.0000,0.4160,43.1685
150.0000,0.4240,43.2452
150.0000,0.4320,43.3221
150.0000,0.4400,43.3992
150.0000,0.4480,43.4765
150.0000,0.4560,43.5538
150.0000,0.4640,43.6314
150.0000,0.4720,43.7090
150.0000,0.4800,43.7867
150.0000,0.4880,43.8645
150.0000,0.4960,43.9424
150.0000,0.5040,44.0204
150.0000,0.5120,44.0984
150.0000,0.5200,44.1765
150.0000,0.5280,44.2546
150.0000,0.5360,44.3328
150.0000,0.5440,44.4110
150.0000,0.5520,44.4893
150.0000,0.5600,44.5675
150.0000,0.5680,44.6458
150.0000,0.5760,44.7240
150.0000,0.5840,44.8023
150.0000,0.6000,44.9588
